insert into libros (id_libro, titulo, fecha_publicacion) values (1, 'Lew', '2022-10-28 01:59:40');
insert into libros (id_libro, titulo, fecha_publicacion) values (2, 'Kristos', '2021-12-30 22:20:53');
insert into libros (id_libro, titulo, fecha_publicacion) values (3, 'Gerianna', '2021-12-07 17:02:31');
insert into libros (id_libro, titulo, fecha_publicacion) values (4, 'Kylie', '2022-02-12 11:31:28');
insert into libros (id_libro, titulo, fecha_publicacion) values (5, 'Tony', '2022-03-01 20:58:34');
insert into libros (id_libro, titulo, fecha_publicacion) values (6, 'Evelyn', '2022-07-19 02:40:20');
insert into libros (id_libro, titulo, fecha_publicacion) values (7, 'Baudoin', '2022-05-15 22:45:04');
insert into libros (id_libro, titulo, fecha_publicacion) values (8, 'Neile', '2022-05-21 00:34:25');
insert into libros (id_libro, titulo, fecha_publicacion) values (9, 'Kori', '2022-06-25 12:43:45');
insert into libros (id_libro, titulo, fecha_publicacion) values (10, 'Port', '2022-07-08 14:44:18');
insert into libros (id_libro, titulo, fecha_publicacion) values (11, 'Vic', '2022-05-14 19:26:09');
insert into libros (id_libro, titulo, fecha_publicacion) values (12, 'Dorella', '2022-04-08 14:36:24');
insert into libros (id_libro, titulo, fecha_publicacion) values (13, 'Florencia', '2021-12-25 00:08:29');
insert into libros (id_libro, titulo, fecha_publicacion) values (14, 'Aleta', '2022-06-06 09:13:07');
insert into libros (id_libro, titulo, fecha_publicacion) values (15, 'Sunny', '2022-09-22 10:05:00');
insert into libros (id_libro, titulo, fecha_publicacion) values (16, 'Humfrid', '2022-07-28 15:25:00');
insert into libros (id_libro, titulo, fecha_publicacion) values (17, 'Jarrod', '2022-03-10 09:38:18');
insert into libros (id_libro, titulo, fecha_publicacion) values (18, 'Davy', '2022-05-01 04:09:33');
insert into libros (id_libro, titulo, fecha_publicacion) values (19, 'Sigrid', '2022-10-06 12:07:23');
insert into libros (id_libro, titulo, fecha_publicacion) values (20, 'Alene', '2022-02-23 03:34:59');
insert into libros (id_libro, titulo, fecha_publicacion) values (21, 'Lizabeth', '2022-07-08 10:05:07');
insert into libros (id_libro, titulo, fecha_publicacion) values (22, 'Afton', '2022-04-13 18:22:04');
insert into libros (id_libro, titulo, fecha_publicacion) values (23, 'Durant', '2021-12-13 14:16:02');
insert into libros (id_libro, titulo, fecha_publicacion) values (24, 'Brynna', '2022-02-23 10:16:22');
insert into libros (id_libro, titulo, fecha_publicacion) values (25, 'Hewie', '2022-04-11 07:08:26');
insert into libros (id_libro, titulo, fecha_publicacion) values (26, 'Ashlee', '2022-05-22 07:34:39');
insert into libros (id_libro, titulo, fecha_publicacion) values (27, 'Tressa', '2022-05-09 16:15:46');
insert into libros (id_libro, titulo, fecha_publicacion) values (28, 'Ferdinande', '2022-04-12 10:49:32');
insert into libros (id_libro, titulo, fecha_publicacion) values (29, 'Westleigh', '2021-12-22 12:34:05');
insert into libros (id_libro, titulo, fecha_publicacion) values (30, 'Alfred', '2022-09-28 06:04:35');
insert into libros (id_libro, titulo, fecha_publicacion) values (31, 'Roselia', '2022-06-19 09:01:53');
insert into libros (id_libro, titulo, fecha_publicacion) values (32, 'Patty', '2022-04-09 11:12:57');
insert into libros (id_libro, titulo, fecha_publicacion) values (33, 'Isador', '2022-05-07 08:01:28');
insert into libros (id_libro, titulo, fecha_publicacion) values (34, 'Meade', '2022-06-08 15:36:55');
insert into libros (id_libro, titulo, fecha_publicacion) values (35, 'Tarrah', '2022-07-16 01:42:49');
insert into libros (id_libro, titulo, fecha_publicacion) values (36, 'Tine', '2022-03-14 06:12:50');
insert into libros (id_libro, titulo, fecha_publicacion) values (37, 'Ambur', '2022-05-05 12:14:25');
insert into libros (id_libro, titulo, fecha_publicacion) values (38, 'Kerri', '2022-06-01 01:35:58');
insert into libros (id_libro, titulo, fecha_publicacion) values (39, 'Ceil', '2022-09-02 12:08:01');
insert into libros (id_libro, titulo, fecha_publicacion) values (40, 'Sylvan', '2022-11-20 10:25:41');
insert into libros (id_libro, titulo, fecha_publicacion) values (41, 'Harlen', '2022-11-09 01:34:09');
insert into libros (id_libro, titulo, fecha_publicacion) values (42, 'Fernande', '2022-09-27 05:19:33');
insert into libros (id_libro, titulo, fecha_publicacion) values (43, 'Thelma', '2022-07-28 18:37:40');
insert into libros (id_libro, titulo, fecha_publicacion) values (44, 'Mordy', '2022-02-17 10:26:02');
insert into libros (id_libro, titulo, fecha_publicacion) values (45, 'Arlee', '2022-01-16 20:16:09');
insert into libros (id_libro, titulo, fecha_publicacion) values (46, 'Zorina', '2022-01-16 19:54:16');
insert into libros (id_libro, titulo, fecha_publicacion) values (47, 'Kahaleel', '2022-01-25 05:55:53');
insert into libros (id_libro, titulo, fecha_publicacion) values (48, 'Broddie', '2022-09-21 13:41:50');
insert into libros (id_libro, titulo, fecha_publicacion) values (49, 'Hasty', '2022-10-27 23:25:07');
insert into libros (id_libro, titulo, fecha_publicacion) values (50, 'Padgett', '2022-07-01 17:03:42');
insert into libros (id_libro, titulo, fecha_publicacion) values (51, 'Monte', '2022-09-17 06:00:59');
insert into libros (id_libro, titulo, fecha_publicacion) values (52, 'Alexis', '2022-04-25 14:43:11');
insert into libros (id_libro, titulo, fecha_publicacion) values (53, 'Phedra', '2022-06-10 09:22:28');
insert into libros (id_libro, titulo, fecha_publicacion) values (54, 'Vernice', '2022-03-13 10:11:52');
insert into libros (id_libro, titulo, fecha_publicacion) values (55, 'Flore', '2022-10-01 04:22:30');
insert into libros (id_libro, titulo, fecha_publicacion) values (56, 'Pammi', '2022-04-15 08:15:18');
insert into libros (id_libro, titulo, fecha_publicacion) values (57, 'Gun', '2022-05-14 21:21:01');
insert into libros (id_libro, titulo, fecha_publicacion) values (58, 'Othilia', '2022-01-20 23:10:13');
insert into libros (id_libro, titulo, fecha_publicacion) values (59, 'Serge', '2022-01-24 15:55:54');
insert into libros (id_libro, titulo, fecha_publicacion) values (60, 'Mattias', '2022-01-18 07:36:57');
insert into libros (id_libro, titulo, fecha_publicacion) values (61, 'Bern', '2022-09-03 20:54:43');
insert into libros (id_libro, titulo, fecha_publicacion) values (62, 'Prudence', '2022-01-07 01:56:11');
insert into libros (id_libro, titulo, fecha_publicacion) values (63, 'Bobine', '2022-06-07 14:50:06');
insert into libros (id_libro, titulo, fecha_publicacion) values (64, 'Guinevere', '2022-09-25 00:44:28');
insert into libros (id_libro, titulo, fecha_publicacion) values (65, 'Hirsch', '2022-07-10 12:41:24');
insert into libros (id_libro, titulo, fecha_publicacion) values (66, 'Allina', '2022-05-11 00:12:53');
insert into libros (id_libro, titulo, fecha_publicacion) values (67, 'Pacorro', '2022-10-28 03:16:36');
insert into libros (id_libro, titulo, fecha_publicacion) values (68, 'Lennie', '2022-01-13 18:13:42');
insert into libros (id_libro, titulo, fecha_publicacion) values (69, 'Suzette', '2022-01-15 02:19:28');
insert into libros (id_libro, titulo, fecha_publicacion) values (70, 'Arney', '2022-02-12 16:14:19');
insert into libros (id_libro, titulo, fecha_publicacion) values (71, 'Jobie', '2022-04-09 08:16:17');
insert into libros (id_libro, titulo, fecha_publicacion) values (72, 'Fannie', '2021-12-13 06:37:29');
insert into libros (id_libro, titulo, fecha_publicacion) values (73, 'Wilone', '2022-02-28 10:01:35');
insert into libros (id_libro, titulo, fecha_publicacion) values (74, 'Putnam', '2022-03-16 23:05:13');
insert into libros (id_libro, titulo, fecha_publicacion) values (75, 'Berkley', '2022-04-08 07:52:08');
insert into libros (id_libro, titulo, fecha_publicacion) values (76, 'Padraig', '2022-08-31 22:38:58');
insert into libros (id_libro, titulo, fecha_publicacion) values (77, 'Adelice', '2022-03-17 10:42:03');
insert into libros (id_libro, titulo, fecha_publicacion) values (78, 'Cele', '2022-09-28 11:28:46');
insert into libros (id_libro, titulo, fecha_publicacion) values (79, 'Shirlene', '2021-12-21 06:38:10');
insert into libros (id_libro, titulo, fecha_publicacion) values (80, 'Dita', '2022-09-12 11:47:24');
insert into libros (id_libro, titulo, fecha_publicacion) values (81, 'Amalea', '2022-01-04 08:21:52');
insert into libros (id_libro, titulo, fecha_publicacion) values (82, 'Dede', '2021-12-02 22:48:08');
insert into libros (id_libro, titulo, fecha_publicacion) values (83, 'Aaren', '2021-12-08 13:28:24');
insert into libros (id_libro, titulo, fecha_publicacion) values (84, 'Lothario', '2022-09-27 17:12:52');
insert into libros (id_libro, titulo, fecha_publicacion) values (85, 'Adeline', '2022-09-16 01:56:54');
insert into libros (id_libro, titulo, fecha_publicacion) values (86, 'Clovis', '2022-10-02 02:17:50');
insert into libros (id_libro, titulo, fecha_publicacion) values (87, 'Thurstan', '2022-04-26 11:18:38');
insert into libros (id_libro, titulo, fecha_publicacion) values (88, 'Tallia', '2022-08-01 21:45:12');
insert into libros (id_libro, titulo, fecha_publicacion) values (89, 'De witt', '2022-08-10 13:25:14');
insert into libros (id_libro, titulo, fecha_publicacion) values (90, 'Vittorio', '2022-04-24 13:15:42');
insert into libros (id_libro, titulo, fecha_publicacion) values (91, 'Dore', '2021-12-16 16:01:15');
insert into libros (id_libro, titulo, fecha_publicacion) values (92, 'Priscella', '2022-11-17 01:38:27');
insert into libros (id_libro, titulo, fecha_publicacion) values (93, 'Amandie', '2022-06-09 19:51:06');
insert into libros (id_libro, titulo, fecha_publicacion) values (94, 'Jamie', '2022-07-20 06:29:01');
insert into libros (id_libro, titulo, fecha_publicacion) values (95, 'Fred', '2022-06-12 00:58:53');
insert into libros (id_libro, titulo, fecha_publicacion) values (96, 'Zorah', '2022-04-26 04:30:12');
insert into libros (id_libro, titulo, fecha_publicacion) values (97, 'Latisha', '2022-04-03 00:15:44');
insert into libros (id_libro, titulo, fecha_publicacion) values (98, 'Goldi', '2022-03-02 03:31:08');
insert into libros (id_libro, titulo, fecha_publicacion) values (99, 'Ricard', '2022-10-16 11:02:06');
insert into libros (id_libro, titulo, fecha_publicacion) values (100, 'Danell', '2022-09-02 02:57:54');
insert into libros (id_libro, titulo, fecha_publicacion) values (101, 'Hugues', '2022-06-15 10:27:42');
insert into libros (id_libro, titulo, fecha_publicacion) values (102, 'Wrennie', '2022-08-27 07:27:42');
insert into libros (id_libro, titulo, fecha_publicacion) values (103, 'Meryl', '2022-06-15 12:17:10');
insert into libros (id_libro, titulo, fecha_publicacion) values (104, 'Bennie', '2022-10-10 20:02:13');
insert into libros (id_libro, titulo, fecha_publicacion) values (105, 'Colene', '2022-10-16 08:56:49');
insert into libros (id_libro, titulo, fecha_publicacion) values (106, 'Nina', '2022-06-16 15:04:55');
insert into libros (id_libro, titulo, fecha_publicacion) values (107, 'Simone', '2022-09-01 08:32:20');
insert into libros (id_libro, titulo, fecha_publicacion) values (108, 'North', '2022-08-17 06:45:37');
insert into libros (id_libro, titulo, fecha_publicacion) values (109, 'Tessie', '2022-07-17 22:24:39');
insert into libros (id_libro, titulo, fecha_publicacion) values (110, 'Bertie', '2022-04-01 00:34:35');
insert into libros (id_libro, titulo, fecha_publicacion) values (111, 'Carce', '2022-06-24 10:29:11');
insert into libros (id_libro, titulo, fecha_publicacion) values (112, 'Towney', '2022-09-16 05:35:01');
insert into libros (id_libro, titulo, fecha_publicacion) values (113, 'Farand', '2022-09-24 09:07:12');
insert into libros (id_libro, titulo, fecha_publicacion) values (114, 'Gianni', '2022-05-08 08:51:40');
insert into libros (id_libro, titulo, fecha_publicacion) values (115, 'Otha', '2022-04-09 09:22:35');
insert into libros (id_libro, titulo, fecha_publicacion) values (116, 'Gilburt', '2022-10-22 15:05:59');
insert into libros (id_libro, titulo, fecha_publicacion) values (117, 'Nisse', '2022-10-12 09:07:33');
insert into libros (id_libro, titulo, fecha_publicacion) values (118, 'Jennine', '2022-03-24 18:09:30');
insert into libros (id_libro, titulo, fecha_publicacion) values (119, 'Bax', '2022-09-01 00:40:10');
insert into libros (id_libro, titulo, fecha_publicacion) values (120, 'Alfy', '2022-07-10 17:21:26');
insert into libros (id_libro, titulo, fecha_publicacion) values (121, 'Mayne', '2022-11-14 08:35:26');
insert into libros (id_libro, titulo, fecha_publicacion) values (122, 'Marius', '2022-03-28 13:49:36');
insert into libros (id_libro, titulo, fecha_publicacion) values (123, 'Dasha', '2021-12-29 14:14:17');
insert into libros (id_libro, titulo, fecha_publicacion) values (124, 'Cornell', '2022-08-07 22:55:51');
insert into libros (id_libro, titulo, fecha_publicacion) values (125, 'Maurizio', '2022-01-12 19:43:09');
insert into libros (id_libro, titulo, fecha_publicacion) values (126, 'Rubie', '2022-01-19 16:41:50');
insert into libros (id_libro, titulo, fecha_publicacion) values (127, 'Chantal', '2022-04-19 10:47:22');
insert into libros (id_libro, titulo, fecha_publicacion) values (128, 'Alberto', '2022-09-07 06:53:41');
insert into libros (id_libro, titulo, fecha_publicacion) values (129, 'Brock', '2022-02-14 17:29:13');
insert into libros (id_libro, titulo, fecha_publicacion) values (130, 'Ellen', '2022-08-27 04:17:04');
insert into libros (id_libro, titulo, fecha_publicacion) values (131, 'Lynnell', '2022-05-02 05:42:36');
insert into libros (id_libro, titulo, fecha_publicacion) values (132, 'Norina', '2022-02-20 07:19:38');
insert into libros (id_libro, titulo, fecha_publicacion) values (133, 'Doy', '2022-06-26 17:52:11');
insert into libros (id_libro, titulo, fecha_publicacion) values (134, 'Kyla', '2022-06-24 22:23:39');
insert into libros (id_libro, titulo, fecha_publicacion) values (135, 'Englebert', '2022-05-26 03:29:50');
insert into libros (id_libro, titulo, fecha_publicacion) values (136, 'Michel', '2022-05-24 04:43:38');
insert into libros (id_libro, titulo, fecha_publicacion) values (137, 'Khalil', '2022-02-27 06:53:21');
insert into libros (id_libro, titulo, fecha_publicacion) values (138, 'Felipa', '2022-08-14 01:22:13');
insert into libros (id_libro, titulo, fecha_publicacion) values (139, 'Jaclyn', '2021-12-04 06:48:53');
insert into libros (id_libro, titulo, fecha_publicacion) values (140, 'Lombard', '2022-06-14 20:56:38');
insert into libros (id_libro, titulo, fecha_publicacion) values (141, 'Marget', '2022-05-16 00:38:20');
insert into libros (id_libro, titulo, fecha_publicacion) values (142, 'Cullie', '2021-12-04 10:28:56');
insert into libros (id_libro, titulo, fecha_publicacion) values (143, 'Madella', '2022-05-10 00:12:25');
insert into libros (id_libro, titulo, fecha_publicacion) values (144, 'Rufus', '2022-01-12 07:38:47');
insert into libros (id_libro, titulo, fecha_publicacion) values (145, 'Hobie', '2022-02-28 05:06:53');
insert into libros (id_libro, titulo, fecha_publicacion) values (146, 'Gerrie', '2022-11-02 16:30:11');
insert into libros (id_libro, titulo, fecha_publicacion) values (147, 'Minne', '2022-07-19 12:01:42');
insert into libros (id_libro, titulo, fecha_publicacion) values (148, 'Lee', '2022-09-27 03:12:03');
insert into libros (id_libro, titulo, fecha_publicacion) values (149, 'Guinna', '2022-04-13 10:56:11');
insert into libros (id_libro, titulo, fecha_publicacion) values (150, 'Gearalt', '2022-11-14 10:18:29');
insert into libros (id_libro, titulo, fecha_publicacion) values (151, 'Brett', '2022-05-14 09:54:04');
insert into libros (id_libro, titulo, fecha_publicacion) values (152, 'Umberto', '2022-09-20 18:20:30');
insert into libros (id_libro, titulo, fecha_publicacion) values (153, 'Anjanette', '2022-08-14 21:25:14');
insert into libros (id_libro, titulo, fecha_publicacion) values (154, 'Ede', '2021-12-22 15:59:25');
insert into libros (id_libro, titulo, fecha_publicacion) values (155, 'Justino', '2022-10-10 20:08:20');
insert into libros (id_libro, titulo, fecha_publicacion) values (156, 'Josy', '2022-03-14 14:16:20');
insert into libros (id_libro, titulo, fecha_publicacion) values (157, 'Hewitt', '2022-01-31 17:31:27');
insert into libros (id_libro, titulo, fecha_publicacion) values (158, 'Mathias', '2022-06-06 14:01:57');
insert into libros (id_libro, titulo, fecha_publicacion) values (159, 'Esme', '2022-08-18 06:35:35');
insert into libros (id_libro, titulo, fecha_publicacion) values (160, 'Dena', '2022-11-11 14:41:58');
insert into libros (id_libro, titulo, fecha_publicacion) values (161, 'Goldina', '2022-08-29 18:16:37');
insert into libros (id_libro, titulo, fecha_publicacion) values (162, 'Cart', '2022-05-06 12:14:42');
insert into libros (id_libro, titulo, fecha_publicacion) values (163, 'Rodie', '2021-12-08 00:37:22');
insert into libros (id_libro, titulo, fecha_publicacion) values (164, 'Lonni', '2022-11-07 20:19:35');
insert into libros (id_libro, titulo, fecha_publicacion) values (165, 'Christan', '2021-12-30 05:03:36');
insert into libros (id_libro, titulo, fecha_publicacion) values (166, 'Lavinia', '2022-05-10 06:38:06');
insert into libros (id_libro, titulo, fecha_publicacion) values (167, 'Elysia', '2022-01-15 14:35:45');
insert into libros (id_libro, titulo, fecha_publicacion) values (168, 'Wini', '2022-01-06 07:10:24');
insert into libros (id_libro, titulo, fecha_publicacion) values (169, 'Mildrid', '2022-01-14 20:54:05');
insert into libros (id_libro, titulo, fecha_publicacion) values (170, 'Catha', '2022-07-17 11:49:09');
insert into libros (id_libro, titulo, fecha_publicacion) values (171, 'Thomasin', '2022-07-23 08:04:05');
insert into libros (id_libro, titulo, fecha_publicacion) values (172, 'Cherise', '2022-03-13 10:10:26');
insert into libros (id_libro, titulo, fecha_publicacion) values (173, 'Joelie', '2022-02-05 22:30:08');
insert into libros (id_libro, titulo, fecha_publicacion) values (174, 'Rayna', '2022-02-08 03:28:53');
insert into libros (id_libro, titulo, fecha_publicacion) values (175, 'Barrie', '2022-08-05 00:15:51');
insert into libros (id_libro, titulo, fecha_publicacion) values (176, 'Colver', '2022-01-06 14:12:13');
insert into libros (id_libro, titulo, fecha_publicacion) values (177, 'Rene', '2022-07-07 23:50:44');
insert into libros (id_libro, titulo, fecha_publicacion) values (178, 'Aviva', '2022-07-19 16:58:59');
insert into libros (id_libro, titulo, fecha_publicacion) values (179, 'Sibley', '2022-01-03 02:53:14');
insert into libros (id_libro, titulo, fecha_publicacion) values (180, 'Juliette', '2022-01-19 06:45:11');
insert into libros (id_libro, titulo, fecha_publicacion) values (181, 'Yolanthe', '2021-12-24 23:32:54');
insert into libros (id_libro, titulo, fecha_publicacion) values (182, 'Brucie', '2022-10-30 19:09:19');
insert into libros (id_libro, titulo, fecha_publicacion) values (183, 'Micheline', '2022-04-15 23:50:03');
insert into libros (id_libro, titulo, fecha_publicacion) values (184, 'Fifine', '2022-03-31 12:14:09');
insert into libros (id_libro, titulo, fecha_publicacion) values (185, 'Steward', '2021-12-05 10:15:03');
insert into libros (id_libro, titulo, fecha_publicacion) values (186, 'Amara', '2022-10-11 13:25:02');
insert into libros (id_libro, titulo, fecha_publicacion) values (187, 'Melony', '2022-01-10 04:06:50');
insert into libros (id_libro, titulo, fecha_publicacion) values (188, 'Kingsley', '2022-08-19 03:17:50');
insert into libros (id_libro, titulo, fecha_publicacion) values (189, 'Karlens', '2022-06-19 11:43:27');
insert into libros (id_libro, titulo, fecha_publicacion) values (190, 'Gerry', '2021-12-18 05:20:09');
insert into libros (id_libro, titulo, fecha_publicacion) values (191, 'Gertruda', '2022-07-03 17:02:29');
insert into libros (id_libro, titulo, fecha_publicacion) values (192, 'Vale', '2022-06-15 13:01:56');
insert into libros (id_libro, titulo, fecha_publicacion) values (193, 'Gisela', '2022-07-14 22:58:32');
insert into libros (id_libro, titulo, fecha_publicacion) values (194, 'Dulcine', '2022-07-15 05:12:16');
insert into libros (id_libro, titulo, fecha_publicacion) values (195, 'Si', '2022-03-10 20:20:35');
insert into libros (id_libro, titulo, fecha_publicacion) values (196, 'Gabbie', '2022-03-03 23:07:39');
insert into libros (id_libro, titulo, fecha_publicacion) values (197, 'Georgeanna', '2022-10-04 11:10:50');
insert into libros (id_libro, titulo, fecha_publicacion) values (198, 'Godfree', '2022-10-03 10:16:00');
insert into libros (id_libro, titulo, fecha_publicacion) values (199, 'Laryssa', '2022-02-17 15:52:35');
insert into libros (id_libro, titulo, fecha_publicacion) values (200, 'Uri', '2022-05-24 16:25:58');
insert into libros (id_libro, titulo, fecha_publicacion) values (201, 'Sidoney', '2022-11-17 20:44:42');
insert into libros (id_libro, titulo, fecha_publicacion) values (202, 'Fleurette', '2022-03-23 15:42:51');
insert into libros (id_libro, titulo, fecha_publicacion) values (203, 'Anetta', '2022-07-22 16:44:24');
insert into libros (id_libro, titulo, fecha_publicacion) values (204, 'Tracy', '2022-04-30 12:07:18');
insert into libros (id_libro, titulo, fecha_publicacion) values (205, 'Alejoa', '2022-05-11 19:57:34');
insert into libros (id_libro, titulo, fecha_publicacion) values (206, 'Tabb', '2022-04-22 04:31:17');
insert into libros (id_libro, titulo, fecha_publicacion) values (207, 'Corrianne', '2022-10-27 23:16:19');
insert into libros (id_libro, titulo, fecha_publicacion) values (208, 'Olive', '2022-08-15 15:38:08');
insert into libros (id_libro, titulo, fecha_publicacion) values (209, 'Hollis', '2022-01-17 00:51:52');
insert into libros (id_libro, titulo, fecha_publicacion) values (210, 'Flinn', '2022-08-27 23:08:51');
insert into libros (id_libro, titulo, fecha_publicacion) values (211, 'Vinnie', '2022-03-25 01:23:01');
insert into libros (id_libro, titulo, fecha_publicacion) values (212, 'Aigneis', '2022-11-17 13:30:26');
insert into libros (id_libro, titulo, fecha_publicacion) values (213, 'Jesse', '2022-02-04 06:43:39');
insert into libros (id_libro, titulo, fecha_publicacion) values (214, 'Udale', '2022-10-03 18:30:22');
insert into libros (id_libro, titulo, fecha_publicacion) values (215, 'Neall', '2022-02-22 08:44:31');
insert into libros (id_libro, titulo, fecha_publicacion) values (216, 'Hailey', '2021-11-25 04:52:31');
insert into libros (id_libro, titulo, fecha_publicacion) values (217, 'Laurella', '2022-05-30 10:44:15');
insert into libros (id_libro, titulo, fecha_publicacion) values (218, 'Brennan', '2022-10-28 09:35:05');
insert into libros (id_libro, titulo, fecha_publicacion) values (219, 'Hesther', '2022-03-07 06:09:35');
insert into libros (id_libro, titulo, fecha_publicacion) values (220, 'Bev', '2022-02-26 13:04:57');
insert into libros (id_libro, titulo, fecha_publicacion) values (221, 'Nil', '2022-02-27 14:45:44');
insert into libros (id_libro, titulo, fecha_publicacion) values (222, 'Antony', '2022-03-24 01:59:34');
insert into libros (id_libro, titulo, fecha_publicacion) values (223, 'Aldridge', '2022-06-10 13:03:53');
insert into libros (id_libro, titulo, fecha_publicacion) values (224, 'Mahmoud', '2022-06-13 04:34:35');
insert into libros (id_libro, titulo, fecha_publicacion) values (225, 'Leeland', '2022-11-07 22:13:07');
insert into libros (id_libro, titulo, fecha_publicacion) values (226, 'Carce', '2022-06-21 08:20:05');
insert into libros (id_libro, titulo, fecha_publicacion) values (227, 'Berny', '2022-05-24 22:02:14');
insert into libros (id_libro, titulo, fecha_publicacion) values (228, 'Babbie', '2022-10-17 19:23:21');
insert into libros (id_libro, titulo, fecha_publicacion) values (229, 'Willem', '2021-11-25 22:37:01');
insert into libros (id_libro, titulo, fecha_publicacion) values (230, 'Shawna', '2022-10-14 09:10:06');
insert into libros (id_libro, titulo, fecha_publicacion) values (231, 'Carrol', '2022-10-18 19:13:26');
insert into libros (id_libro, titulo, fecha_publicacion) values (232, 'Alecia', '2022-08-03 17:40:51');
insert into libros (id_libro, titulo, fecha_publicacion) values (233, 'Melloney', '2022-08-30 01:47:34');
insert into libros (id_libro, titulo, fecha_publicacion) values (234, 'Tiebout', '2021-12-02 01:17:10');
insert into libros (id_libro, titulo, fecha_publicacion) values (235, 'Toiboid', '2022-04-25 20:48:44');
insert into libros (id_libro, titulo, fecha_publicacion) values (236, 'Nata', '2022-07-27 09:08:59');
insert into libros (id_libro, titulo, fecha_publicacion) values (237, 'Alix', '2022-04-17 01:12:05');
insert into libros (id_libro, titulo, fecha_publicacion) values (238, 'Reuven', '2022-08-28 23:45:34');
insert into libros (id_libro, titulo, fecha_publicacion) values (239, 'Leanor', '2022-03-31 08:49:40');
insert into libros (id_libro, titulo, fecha_publicacion) values (240, 'Arley', '2022-06-12 22:15:47');
insert into libros (id_libro, titulo, fecha_publicacion) values (241, 'Keen', '2022-04-14 20:23:47');
insert into libros (id_libro, titulo, fecha_publicacion) values (242, 'Mandi', '2022-06-24 05:47:22');
insert into libros (id_libro, titulo, fecha_publicacion) values (243, 'Bryan', '2022-05-12 05:04:31');
insert into libros (id_libro, titulo, fecha_publicacion) values (244, 'Lottie', '2022-06-12 09:32:27');
insert into libros (id_libro, titulo, fecha_publicacion) values (245, 'Leigh', '2022-03-23 04:22:58');
insert into libros (id_libro, titulo, fecha_publicacion) values (246, 'Shelby', '2022-05-23 13:05:52');
insert into libros (id_libro, titulo, fecha_publicacion) values (247, 'Olivero', '2022-07-25 05:24:45');
insert into libros (id_libro, titulo, fecha_publicacion) values (248, 'Willamina', '2022-07-19 02:55:21');
insert into libros (id_libro, titulo, fecha_publicacion) values (249, 'Chrissie', '2022-09-07 20:59:08');
insert into libros (id_libro, titulo, fecha_publicacion) values (250, 'Jamal', '2022-07-17 23:05:56');
insert into libros (id_libro, titulo, fecha_publicacion) values (251, 'Wendel', '2022-09-09 17:29:17');
insert into libros (id_libro, titulo, fecha_publicacion) values (252, 'Linn', '2022-02-14 02:13:35');
insert into libros (id_libro, titulo, fecha_publicacion) values (253, 'Gillian', '2022-11-18 04:14:39');
insert into libros (id_libro, titulo, fecha_publicacion) values (254, 'Codee', '2022-03-14 09:01:49');
insert into libros (id_libro, titulo, fecha_publicacion) values (255, 'Marijn', '2022-11-03 12:27:49');
insert into libros (id_libro, titulo, fecha_publicacion) values (256, 'Lucienne', '2022-09-24 19:09:44');
insert into libros (id_libro, titulo, fecha_publicacion) values (257, 'Tessie', '2021-12-16 10:12:25');
insert into libros (id_libro, titulo, fecha_publicacion) values (258, 'Max', '2022-01-19 18:48:03');
insert into libros (id_libro, titulo, fecha_publicacion) values (259, 'Carney', '2022-03-14 03:27:03');
insert into libros (id_libro, titulo, fecha_publicacion) values (260, 'Merrile', '2022-06-02 21:23:38');
insert into libros (id_libro, titulo, fecha_publicacion) values (261, 'Garv', '2022-05-15 04:32:03');
insert into libros (id_libro, titulo, fecha_publicacion) values (262, 'Ethelda', '2022-06-17 18:29:34');
insert into libros (id_libro, titulo, fecha_publicacion) values (263, 'Roseanne', '2022-10-05 11:59:40');
insert into libros (id_libro, titulo, fecha_publicacion) values (264, 'Morganica', '2021-11-30 04:38:14');
insert into libros (id_libro, titulo, fecha_publicacion) values (265, 'Anselm', '2022-04-28 17:33:48');
insert into libros (id_libro, titulo, fecha_publicacion) values (266, 'Adrien', '2022-09-23 06:13:16');
insert into libros (id_libro, titulo, fecha_publicacion) values (267, 'Ignacius', '2022-03-08 00:20:11');
insert into libros (id_libro, titulo, fecha_publicacion) values (268, 'Alex', '2022-05-15 07:47:54');
insert into libros (id_libro, titulo, fecha_publicacion) values (269, 'Karole', '2022-03-11 06:46:08');
insert into libros (id_libro, titulo, fecha_publicacion) values (270, 'Johann', '2021-12-22 18:20:31');
insert into libros (id_libro, titulo, fecha_publicacion) values (271, 'Galen', '2022-10-13 21:54:42');
insert into libros (id_libro, titulo, fecha_publicacion) values (272, 'Nolly', '2022-08-10 02:33:33');
insert into libros (id_libro, titulo, fecha_publicacion) values (273, 'Livvyy', '2022-06-21 04:02:56');
insert into libros (id_libro, titulo, fecha_publicacion) values (274, 'Livvie', '2021-12-16 15:50:16');
insert into libros (id_libro, titulo, fecha_publicacion) values (275, 'Cher', '2022-06-29 17:18:01');
insert into libros (id_libro, titulo, fecha_publicacion) values (276, 'Werner', '2022-07-28 22:07:03');
insert into libros (id_libro, titulo, fecha_publicacion) values (277, 'Delila', '2022-04-01 04:05:31');
insert into libros (id_libro, titulo, fecha_publicacion) values (278, 'Amber', '2022-10-07 05:45:44');
insert into libros (id_libro, titulo, fecha_publicacion) values (279, 'Wallie', '2022-07-09 23:16:54');
insert into libros (id_libro, titulo, fecha_publicacion) values (280, 'Talbert', '2022-11-18 01:36:49');
insert into libros (id_libro, titulo, fecha_publicacion) values (281, 'Ivonne', '2022-01-31 07:58:49');
insert into libros (id_libro, titulo, fecha_publicacion) values (282, 'Addison', '2022-08-27 18:37:07');
insert into libros (id_libro, titulo, fecha_publicacion) values (283, 'Booth', '2022-08-30 22:08:31');
insert into libros (id_libro, titulo, fecha_publicacion) values (284, 'Daryl', '2022-03-12 09:18:08');
insert into libros (id_libro, titulo, fecha_publicacion) values (285, 'Darcy', '2022-04-29 13:40:18');
insert into libros (id_libro, titulo, fecha_publicacion) values (286, 'Ettie', '2022-04-13 22:09:40');
insert into libros (id_libro, titulo, fecha_publicacion) values (287, 'Janifer', '2022-06-05 08:37:30');
insert into libros (id_libro, titulo, fecha_publicacion) values (288, 'Ethan', '2022-03-20 18:06:41');
insert into libros (id_libro, titulo, fecha_publicacion) values (289, 'Hillel', '2022-07-01 06:43:14');
insert into libros (id_libro, titulo, fecha_publicacion) values (290, 'Sabine', '2022-04-22 04:52:49');
insert into libros (id_libro, titulo, fecha_publicacion) values (291, 'Sigismund', '2022-09-06 07:56:07');
insert into libros (id_libro, titulo, fecha_publicacion) values (292, 'Gizela', '2022-03-25 20:40:09');
insert into libros (id_libro, titulo, fecha_publicacion) values (293, 'Alphonso', '2022-10-21 19:42:30');
insert into libros (id_libro, titulo, fecha_publicacion) values (294, 'Christos', '2022-05-10 21:22:21');
insert into libros (id_libro, titulo, fecha_publicacion) values (295, 'Quincey', '2022-09-20 23:25:07');
insert into libros (id_libro, titulo, fecha_publicacion) values (296, 'Judas', '2022-10-27 21:24:27');
insert into libros (id_libro, titulo, fecha_publicacion) values (297, 'Mireielle', '2022-10-26 07:10:06');
insert into libros (id_libro, titulo, fecha_publicacion) values (298, 'Nealon', '2022-05-04 04:40:14');
insert into libros (id_libro, titulo, fecha_publicacion) values (299, 'Bradley', '2022-01-28 22:40:56');
insert into libros (id_libro, titulo, fecha_publicacion) values (300, 'Cass', '2022-09-03 02:56:31');
insert into libros (id_libro, titulo, fecha_publicacion) values (301, 'Si', '2022-03-31 01:14:30');
insert into libros (id_libro, titulo, fecha_publicacion) values (302, 'Marline', '2022-10-12 12:10:30');
insert into libros (id_libro, titulo, fecha_publicacion) values (303, 'Ursola', '2022-04-01 18:20:02');
insert into libros (id_libro, titulo, fecha_publicacion) values (304, 'Giffard', '2022-05-10 13:57:32');
insert into libros (id_libro, titulo, fecha_publicacion) values (305, 'Elnora', '2022-04-15 09:24:32');
insert into libros (id_libro, titulo, fecha_publicacion) values (306, 'Alisa', '2022-07-09 16:21:22');
insert into libros (id_libro, titulo, fecha_publicacion) values (307, 'Irena', '2022-05-14 01:46:45');
insert into libros (id_libro, titulo, fecha_publicacion) values (308, 'Cathryn', '2022-04-08 03:10:51');
insert into libros (id_libro, titulo, fecha_publicacion) values (309, 'Dulcy', '2021-12-29 11:53:30');
insert into libros (id_libro, titulo, fecha_publicacion) values (310, 'Tildy', '2022-06-03 09:01:17');
insert into libros (id_libro, titulo, fecha_publicacion) values (311, 'Vi', '2022-04-11 23:52:41');
insert into libros (id_libro, titulo, fecha_publicacion) values (312, 'Fabio', '2022-04-03 01:03:05');
insert into libros (id_libro, titulo, fecha_publicacion) values (313, 'Philomena', '2021-12-20 11:33:52');
insert into libros (id_libro, titulo, fecha_publicacion) values (314, 'Rolph', '2022-10-05 02:26:07');
insert into libros (id_libro, titulo, fecha_publicacion) values (315, 'Shem', '2022-01-24 06:10:40');
insert into libros (id_libro, titulo, fecha_publicacion) values (316, 'Sylvan', '2021-12-19 23:55:28');
insert into libros (id_libro, titulo, fecha_publicacion) values (317, 'Maddalena', '2022-01-10 02:07:08');
insert into libros (id_libro, titulo, fecha_publicacion) values (318, 'Charlotta', '2022-10-08 21:27:59');
insert into libros (id_libro, titulo, fecha_publicacion) values (319, 'Stillman', '2022-05-21 20:26:52');
insert into libros (id_libro, titulo, fecha_publicacion) values (320, 'Bogart', '2022-05-23 15:04:14');
insert into libros (id_libro, titulo, fecha_publicacion) values (321, 'Christal', '2022-08-14 20:57:10');
insert into libros (id_libro, titulo, fecha_publicacion) values (322, 'Maggy', '2022-02-24 13:24:18');
insert into libros (id_libro, titulo, fecha_publicacion) values (323, 'Karlotte', '2022-08-11 02:27:47');
insert into libros (id_libro, titulo, fecha_publicacion) values (324, 'Meier', '2022-04-15 01:56:49');
insert into libros (id_libro, titulo, fecha_publicacion) values (325, 'Didi', '2022-09-15 15:59:13');
insert into libros (id_libro, titulo, fecha_publicacion) values (326, 'Alanson', '2022-03-29 13:08:16');
insert into libros (id_libro, titulo, fecha_publicacion) values (327, 'D''arcy', '2021-12-16 11:24:29');
insert into libros (id_libro, titulo, fecha_publicacion) values (328, 'Jerome', '2022-01-12 13:35:53');
insert into libros (id_libro, titulo, fecha_publicacion) values (329, 'Waly', '2022-04-18 01:39:50');
insert into libros (id_libro, titulo, fecha_publicacion) values (330, 'Lynea', '2022-03-26 21:16:29');
insert into libros (id_libro, titulo, fecha_publicacion) values (331, 'Gabi', '2022-07-06 02:10:24');
insert into libros (id_libro, titulo, fecha_publicacion) values (332, 'Denis', '2022-01-11 22:20:50');
insert into libros (id_libro, titulo, fecha_publicacion) values (333, 'Ingram', '2022-08-22 09:48:34');
insert into libros (id_libro, titulo, fecha_publicacion) values (334, 'Panchito', '2022-08-27 02:38:42');
insert into libros (id_libro, titulo, fecha_publicacion) values (335, 'Spike', '2022-10-25 21:35:19');
insert into libros (id_libro, titulo, fecha_publicacion) values (336, 'Karina', '2022-02-17 22:46:14');
insert into libros (id_libro, titulo, fecha_publicacion) values (337, 'Rivalee', '2022-02-06 10:30:22');
insert into libros (id_libro, titulo, fecha_publicacion) values (338, 'Holly', '2022-07-10 00:14:10');
insert into libros (id_libro, titulo, fecha_publicacion) values (339, 'Marylee', '2022-03-01 10:58:57');
insert into libros (id_libro, titulo, fecha_publicacion) values (340, 'Meade', '2022-09-01 08:18:27');
insert into libros (id_libro, titulo, fecha_publicacion) values (341, 'Andee', '2022-05-21 03:51:08');
insert into libros (id_libro, titulo, fecha_publicacion) values (342, 'Zarah', '2022-05-19 22:23:58');
insert into libros (id_libro, titulo, fecha_publicacion) values (343, 'Suki', '2021-12-27 15:42:20');
insert into libros (id_libro, titulo, fecha_publicacion) values (344, 'Janelle', '2021-12-14 05:01:46');
insert into libros (id_libro, titulo, fecha_publicacion) values (345, 'Jaime', '2022-06-20 10:29:43');
insert into libros (id_libro, titulo, fecha_publicacion) values (346, 'Sigvard', '2022-10-02 09:14:00');
insert into libros (id_libro, titulo, fecha_publicacion) values (347, 'Gregorius', '2022-05-24 14:23:05');
insert into libros (id_libro, titulo, fecha_publicacion) values (348, 'Loralie', '2022-01-30 04:10:23');
insert into libros (id_libro, titulo, fecha_publicacion) values (349, 'Linn', '2022-02-01 08:30:01');
insert into libros (id_libro, titulo, fecha_publicacion) values (350, 'Nicko', '2022-02-07 20:00:08');
insert into libros (id_libro, titulo, fecha_publicacion) values (351, 'Jandy', '2022-03-31 05:38:36');
insert into libros (id_libro, titulo, fecha_publicacion) values (352, 'Elysee', '2022-08-19 15:53:54');
insert into libros (id_libro, titulo, fecha_publicacion) values (353, 'Shelagh', '2022-08-11 00:03:14');
insert into libros (id_libro, titulo, fecha_publicacion) values (354, 'Lenna', '2022-09-23 11:34:06');
insert into libros (id_libro, titulo, fecha_publicacion) values (355, 'Ellsworth', '2022-11-06 12:02:51');
insert into libros (id_libro, titulo, fecha_publicacion) values (356, 'Roderigo', '2022-08-04 15:27:32');
insert into libros (id_libro, titulo, fecha_publicacion) values (357, 'Helene', '2022-01-21 13:28:12');
insert into libros (id_libro, titulo, fecha_publicacion) values (358, 'Stefanie', '2022-01-13 04:28:47');
insert into libros (id_libro, titulo, fecha_publicacion) values (359, 'Kaleb', '2022-01-26 22:38:20');
insert into libros (id_libro, titulo, fecha_publicacion) values (360, 'Lotti', '2022-04-09 00:27:36');
insert into libros (id_libro, titulo, fecha_publicacion) values (361, 'Harrie', '2022-11-05 16:56:51');
insert into libros (id_libro, titulo, fecha_publicacion) values (362, 'Aggy', '2022-02-08 03:12:01');
insert into libros (id_libro, titulo, fecha_publicacion) values (363, 'Theo', '2022-03-21 08:44:15');
insert into libros (id_libro, titulo, fecha_publicacion) values (364, 'Cordell', '2022-06-29 22:11:40');
insert into libros (id_libro, titulo, fecha_publicacion) values (365, 'Brett', '2021-12-28 02:51:54');
insert into libros (id_libro, titulo, fecha_publicacion) values (366, 'Oliy', '2022-07-19 20:15:05');
insert into libros (id_libro, titulo, fecha_publicacion) values (367, 'Catlin', '2022-03-10 02:05:51');
insert into libros (id_libro, titulo, fecha_publicacion) values (368, 'Candy', '2022-10-09 02:05:11');
insert into libros (id_libro, titulo, fecha_publicacion) values (369, 'Angelika', '2022-07-21 14:24:09');
insert into libros (id_libro, titulo, fecha_publicacion) values (370, 'Dalt', '2022-03-03 13:02:11');
insert into libros (id_libro, titulo, fecha_publicacion) values (371, 'Cookie', '2022-11-19 07:07:51');
insert into libros (id_libro, titulo, fecha_publicacion) values (372, 'Lynea', '2022-01-27 23:11:33');
insert into libros (id_libro, titulo, fecha_publicacion) values (373, 'Jerad', '2022-02-06 15:31:38');
insert into libros (id_libro, titulo, fecha_publicacion) values (374, 'Tiler', '2022-01-17 22:50:27');
insert into libros (id_libro, titulo, fecha_publicacion) values (375, 'Aaron', '2022-10-09 09:34:21');
insert into libros (id_libro, titulo, fecha_publicacion) values (376, 'Eugine', '2021-12-03 10:58:16');
insert into libros (id_libro, titulo, fecha_publicacion) values (377, 'Brigham', '2022-03-01 09:29:17');
insert into libros (id_libro, titulo, fecha_publicacion) values (378, 'Janis', '2022-02-27 20:06:03');
insert into libros (id_libro, titulo, fecha_publicacion) values (379, 'Willa', '2022-09-02 20:41:13');
insert into libros (id_libro, titulo, fecha_publicacion) values (380, 'Michel', '2022-10-15 13:40:14');
insert into libros (id_libro, titulo, fecha_publicacion) values (381, 'Gwenneth', '2022-08-12 19:15:45');
insert into libros (id_libro, titulo, fecha_publicacion) values (382, 'Dionysus', '2022-08-30 06:39:35');
insert into libros (id_libro, titulo, fecha_publicacion) values (383, 'Risa', '2022-01-23 19:53:46');
insert into libros (id_libro, titulo, fecha_publicacion) values (384, 'Evangelina', '2022-03-26 04:33:42');
insert into libros (id_libro, titulo, fecha_publicacion) values (385, 'Moise', '2022-04-14 00:41:40');
insert into libros (id_libro, titulo, fecha_publicacion) values (386, 'Con', '2022-06-19 20:13:59');
insert into libros (id_libro, titulo, fecha_publicacion) values (387, 'Lianna', '2022-03-26 04:28:19');
insert into libros (id_libro, titulo, fecha_publicacion) values (388, 'Jenna', '2022-03-19 18:39:41');
insert into libros (id_libro, titulo, fecha_publicacion) values (389, 'Elna', '2022-07-23 16:26:28');
insert into libros (id_libro, titulo, fecha_publicacion) values (390, 'Quinta', '2022-10-19 15:30:17');
insert into libros (id_libro, titulo, fecha_publicacion) values (391, 'Noam', '2022-03-23 03:20:27');
insert into libros (id_libro, titulo, fecha_publicacion) values (392, 'Nickolas', '2022-09-02 17:12:59');
insert into libros (id_libro, titulo, fecha_publicacion) values (393, 'Korry', '2022-11-21 13:19:22');
insert into libros (id_libro, titulo, fecha_publicacion) values (394, 'Carmina', '2022-03-14 01:55:58');
insert into libros (id_libro, titulo, fecha_publicacion) values (395, 'Camella', '2022-09-30 02:47:34');
insert into libros (id_libro, titulo, fecha_publicacion) values (396, 'Alicea', '2022-07-13 18:35:15');
insert into libros (id_libro, titulo, fecha_publicacion) values (397, 'Erda', '2022-05-05 15:34:55');
insert into libros (id_libro, titulo, fecha_publicacion) values (398, 'Genevieve', '2021-11-30 07:39:05');
insert into libros (id_libro, titulo, fecha_publicacion) values (399, 'Lydon', '2022-10-24 13:09:47');
insert into libros (id_libro, titulo, fecha_publicacion) values (400, 'Joshia', '2022-11-04 05:55:07');
insert into libros (id_libro, titulo, fecha_publicacion) values (401, 'Paddy', '2022-05-17 16:43:33');
insert into libros (id_libro, titulo, fecha_publicacion) values (402, 'Aubine', '2022-08-20 21:31:51');
insert into libros (id_libro, titulo, fecha_publicacion) values (403, 'Delaney', '2021-12-01 17:19:03');
insert into libros (id_libro, titulo, fecha_publicacion) values (404, 'Kendrick', '2022-10-06 17:03:25');
insert into libros (id_libro, titulo, fecha_publicacion) values (405, 'Antonius', '2022-10-14 15:20:24');
insert into libros (id_libro, titulo, fecha_publicacion) values (406, 'Denise', '2022-10-13 04:21:23');
insert into libros (id_libro, titulo, fecha_publicacion) values (407, 'Blair', '2022-08-31 07:57:59');
insert into libros (id_libro, titulo, fecha_publicacion) values (408, 'April', '2022-04-27 03:17:03');
insert into libros (id_libro, titulo, fecha_publicacion) values (409, 'Luca', '2022-10-12 03:42:58');
insert into libros (id_libro, titulo, fecha_publicacion) values (410, 'Torre', '2022-11-19 05:04:24');
insert into libros (id_libro, titulo, fecha_publicacion) values (411, 'Thornie', '2022-04-14 14:19:08');
insert into libros (id_libro, titulo, fecha_publicacion) values (412, 'Jenni', '2022-10-08 23:46:40');
insert into libros (id_libro, titulo, fecha_publicacion) values (413, 'Annie', '2022-04-01 09:58:48');
insert into libros (id_libro, titulo, fecha_publicacion) values (414, 'Jess', '2022-11-02 10:41:10');
insert into libros (id_libro, titulo, fecha_publicacion) values (415, 'Taddeo', '2022-05-25 10:21:55');
insert into libros (id_libro, titulo, fecha_publicacion) values (416, 'Farrah', '2022-04-12 03:41:53');
insert into libros (id_libro, titulo, fecha_publicacion) values (417, 'Erin', '2022-06-12 16:40:24');
insert into libros (id_libro, titulo, fecha_publicacion) values (418, 'Genevieve', '2022-05-13 00:02:49');
insert into libros (id_libro, titulo, fecha_publicacion) values (419, 'Olvan', '2022-11-20 22:21:53');
insert into libros (id_libro, titulo, fecha_publicacion) values (420, 'Florina', '2022-03-25 08:41:09');
insert into libros (id_libro, titulo, fecha_publicacion) values (421, 'Opalina', '2022-02-13 15:01:16');
insert into libros (id_libro, titulo, fecha_publicacion) values (422, 'Tobi', '2021-11-27 13:52:38');
insert into libros (id_libro, titulo, fecha_publicacion) values (423, 'Simone', '2022-09-22 20:38:38');
insert into libros (id_libro, titulo, fecha_publicacion) values (424, 'Holmes', '2022-01-10 01:12:04');
insert into libros (id_libro, titulo, fecha_publicacion) values (425, 'Roldan', '2022-07-13 06:42:25');
insert into libros (id_libro, titulo, fecha_publicacion) values (426, 'Donny', '2021-12-10 06:23:15');
insert into libros (id_libro, titulo, fecha_publicacion) values (427, 'Reagen', '2022-05-05 10:17:07');
insert into libros (id_libro, titulo, fecha_publicacion) values (428, 'Hilarius', '2022-08-15 08:17:09');
insert into libros (id_libro, titulo, fecha_publicacion) values (429, 'Llewellyn', '2021-11-30 15:40:44');
insert into libros (id_libro, titulo, fecha_publicacion) values (430, 'Kalvin', '2022-06-08 05:10:13');
insert into libros (id_libro, titulo, fecha_publicacion) values (431, 'Gunther', '2022-04-24 18:39:27');
insert into libros (id_libro, titulo, fecha_publicacion) values (432, 'Nerty', '2022-01-19 11:15:49');
insert into libros (id_libro, titulo, fecha_publicacion) values (433, 'Donal', '2022-02-02 15:39:02');
insert into libros (id_libro, titulo, fecha_publicacion) values (434, 'Pavla', '2022-08-18 07:41:17');
insert into libros (id_libro, titulo, fecha_publicacion) values (435, 'Mallissa', '2022-03-13 10:21:27');
insert into libros (id_libro, titulo, fecha_publicacion) values (436, 'Carlos', '2022-07-13 00:44:04');
insert into libros (id_libro, titulo, fecha_publicacion) values (437, 'Frazier', '2021-12-09 22:17:00');
insert into libros (id_libro, titulo, fecha_publicacion) values (438, 'Rahel', '2022-08-31 03:59:42');
insert into libros (id_libro, titulo, fecha_publicacion) values (439, 'Kippy', '2022-05-08 14:27:16');
insert into libros (id_libro, titulo, fecha_publicacion) values (440, 'Dinah', '2022-03-02 20:15:31');
insert into libros (id_libro, titulo, fecha_publicacion) values (441, 'Pall', '2022-10-16 22:57:32');
insert into libros (id_libro, titulo, fecha_publicacion) values (442, 'Irvine', '2022-10-08 18:29:59');
insert into libros (id_libro, titulo, fecha_publicacion) values (443, 'Leicester', '2022-07-03 15:26:33');
insert into libros (id_libro, titulo, fecha_publicacion) values (444, 'Teressa', '2022-09-12 20:39:41');
insert into libros (id_libro, titulo, fecha_publicacion) values (445, 'Pavia', '2022-02-10 18:48:40');
insert into libros (id_libro, titulo, fecha_publicacion) values (446, 'Boycey', '2022-03-22 16:19:19');
insert into libros (id_libro, titulo, fecha_publicacion) values (447, 'Justine', '2022-01-20 20:01:53');
insert into libros (id_libro, titulo, fecha_publicacion) values (448, 'Uta', '2022-07-24 10:29:04');
insert into libros (id_libro, titulo, fecha_publicacion) values (449, 'Jeramey', '2021-11-27 03:21:08');
insert into libros (id_libro, titulo, fecha_publicacion) values (450, 'Dede', '2022-09-25 03:32:10');
insert into libros (id_libro, titulo, fecha_publicacion) values (451, 'Bertina', '2022-07-30 11:54:26');
insert into libros (id_libro, titulo, fecha_publicacion) values (452, 'Lizette', '2022-06-24 03:14:22');
insert into libros (id_libro, titulo, fecha_publicacion) values (453, 'Adiana', '2021-12-31 15:25:45');
insert into libros (id_libro, titulo, fecha_publicacion) values (454, 'Farleigh', '2022-11-13 21:05:38');
insert into libros (id_libro, titulo, fecha_publicacion) values (455, 'Law', '2022-01-21 11:51:24');
insert into libros (id_libro, titulo, fecha_publicacion) values (456, 'Jonah', '2021-12-22 04:49:36');
insert into libros (id_libro, titulo, fecha_publicacion) values (457, 'Cynde', '2022-02-21 15:48:46');
insert into libros (id_libro, titulo, fecha_publicacion) values (458, 'Abe', '2022-06-12 00:16:34');
insert into libros (id_libro, titulo, fecha_publicacion) values (459, 'Piotr', '2022-04-22 20:26:46');
insert into libros (id_libro, titulo, fecha_publicacion) values (460, 'Avery', '2022-10-19 03:38:06');
insert into libros (id_libro, titulo, fecha_publicacion) values (461, 'Husein', '2022-03-10 23:40:09');
insert into libros (id_libro, titulo, fecha_publicacion) values (462, 'Mirna', '2021-12-14 01:21:44');
insert into libros (id_libro, titulo, fecha_publicacion) values (463, 'Mitchael', '2021-11-25 11:28:40');
insert into libros (id_libro, titulo, fecha_publicacion) values (464, 'Theresina', '2021-11-29 07:38:19');
insert into libros (id_libro, titulo, fecha_publicacion) values (465, 'Saloma', '2022-08-29 08:14:21');
insert into libros (id_libro, titulo, fecha_publicacion) values (466, 'Frazier', '2022-02-08 07:38:09');
insert into libros (id_libro, titulo, fecha_publicacion) values (467, 'Florri', '2022-06-17 05:12:17');
insert into libros (id_libro, titulo, fecha_publicacion) values (468, 'Denis', '2022-06-05 19:20:02');
insert into libros (id_libro, titulo, fecha_publicacion) values (469, 'Irwinn', '2022-10-16 18:58:57');
insert into libros (id_libro, titulo, fecha_publicacion) values (470, 'Pace', '2022-05-02 00:26:12');
insert into libros (id_libro, titulo, fecha_publicacion) values (471, 'Ella', '2022-03-04 02:02:05');
insert into libros (id_libro, titulo, fecha_publicacion) values (472, 'Kingston', '2022-03-16 21:33:19');
insert into libros (id_libro, titulo, fecha_publicacion) values (473, 'Catrina', '2021-12-19 16:37:58');
insert into libros (id_libro, titulo, fecha_publicacion) values (474, 'Laurena', '2022-09-20 08:27:55');
insert into libros (id_libro, titulo, fecha_publicacion) values (475, 'Galen', '2022-10-08 23:13:36');
insert into libros (id_libro, titulo, fecha_publicacion) values (476, 'Isac', '2022-05-08 04:02:56');
insert into libros (id_libro, titulo, fecha_publicacion) values (477, 'Wald', '2022-07-31 00:59:15');
insert into libros (id_libro, titulo, fecha_publicacion) values (478, 'Arnoldo', '2022-09-28 15:51:30');
insert into libros (id_libro, titulo, fecha_publicacion) values (479, 'Victoir', '2022-07-26 01:14:16');
insert into libros (id_libro, titulo, fecha_publicacion) values (480, 'Atlanta', '2022-03-18 04:17:45');
insert into libros (id_libro, titulo, fecha_publicacion) values (481, 'Jacqui', '2022-07-13 21:48:54');
insert into libros (id_libro, titulo, fecha_publicacion) values (482, 'Daryn', '2021-11-28 11:41:40');
insert into libros (id_libro, titulo, fecha_publicacion) values (483, 'Mirna', '2022-02-12 21:45:02');
insert into libros (id_libro, titulo, fecha_publicacion) values (484, 'Porty', '2022-11-16 12:14:28');
insert into libros (id_libro, titulo, fecha_publicacion) values (485, 'Viva', '2022-08-16 05:09:48');
insert into libros (id_libro, titulo, fecha_publicacion) values (486, 'Shirley', '2022-09-11 17:46:32');
insert into libros (id_libro, titulo, fecha_publicacion) values (487, 'Neill', '2022-08-26 13:54:56');
insert into libros (id_libro, titulo, fecha_publicacion) values (488, 'Anastasia', '2022-08-19 08:30:48');
insert into libros (id_libro, titulo, fecha_publicacion) values (489, 'Gisele', '2022-01-01 11:50:48');
insert into libros (id_libro, titulo, fecha_publicacion) values (490, 'Corella', '2022-01-08 21:54:59');
insert into libros (id_libro, titulo, fecha_publicacion) values (491, 'Ginelle', '2022-10-21 16:09:56');
insert into libros (id_libro, titulo, fecha_publicacion) values (492, 'Selle', '2022-03-05 13:40:31');
insert into libros (id_libro, titulo, fecha_publicacion) values (493, 'Gusta', '2022-09-20 23:03:38');
insert into libros (id_libro, titulo, fecha_publicacion) values (494, 'Richmond', '2021-12-27 14:56:05');
insert into libros (id_libro, titulo, fecha_publicacion) values (495, 'Cecilla', '2022-01-31 06:39:47');
insert into libros (id_libro, titulo, fecha_publicacion) values (496, 'Miof mela', '2022-07-24 16:20:18');
insert into libros (id_libro, titulo, fecha_publicacion) values (497, 'Antonietta', '2022-05-28 20:37:41');
insert into libros (id_libro, titulo, fecha_publicacion) values (498, 'Tamarra', '2022-08-25 09:02:08');
insert into libros (id_libro, titulo, fecha_publicacion) values (499, 'Teressa', '2022-05-22 20:38:15');
insert into libros (id_libro, titulo, fecha_publicacion) values (500, 'Ross', '2021-12-31 16:04:25');



insert into autores (id_autor, nombre, apellido, nacionalidad) values (1, 'Bernette', 'Fitzharris', 'Brazil');
insert into autores (id_autor, nombre, apellido, nacionalidad) values (2, 'Adella', 'Danielkiewicz', 'Russia');
insert into autores (id_autor, nombre, apellido, nacionalidad) values (3, 'Ambur', 'Nevison', 'Argentina');
insert into autores (id_autor, nombre, apellido, nacionalidad) values (4, 'Goran', 'Moakes', 'China');
insert into autores (id_autor, nombre, apellido, nacionalidad) values (5, 'Silas', 'Valentinuzzi', 'Russia');
insert into autores (id_autor, nombre, apellido, nacionalidad) values (6, 'Mead', 'Scourfield', 'Indonesia');
insert into autores (id_autor, nombre, apellido, nacionalidad) values (7, 'Homerus', 'Pinch', 'Indonesia');
insert into autores (id_autor, nombre, apellido, nacionalidad) values (8, 'Laryssa', 'Van der Mark', 'China');
insert into autores (id_autor, nombre, apellido, nacionalidad) values (9, 'Tynan', 'Rowell', 'China');
insert into autores (id_autor, nombre, apellido, nacionalidad) values (10, 'Calhoun', 'Micheu', 'Russia');
insert into autores (id_autor, nombre, apellido, nacionalidad) values (11, 'Neils', 'Waring', 'Russia');
insert into autores (id_autor, nombre, apellido, nacionalidad) values (12, 'Dominique', 'Skade', 'Philippines');
insert into autores (id_autor, nombre, apellido, nacionalidad) values (13, 'Way', 'Elverston', 'Peru');
insert into autores (id_autor, nombre, apellido, nacionalidad) values (14, 'Junie', 'Orbell', 'Sweden');
insert into autores (id_autor, nombre, apellido, nacionalidad) values (15, 'Jeffrey', 'Champe', 'Indonesia');
insert into autores (id_autor, nombre, apellido, nacionalidad) values (16, 'Symon', 'Danforth', 'Russia');
insert into autores (id_autor, nombre, apellido, nacionalidad) values (17, 'James', 'Bonnavant', 'Indonesia');
insert into autores (id_autor, nombre, apellido, nacionalidad) values (18, 'Missie', 'Petrol', 'Israel');
insert into autores (id_autor, nombre, apellido, nacionalidad) values (19, 'Ingunna', 'Galletly', 'Greece');
insert into autores (id_autor, nombre, apellido, nacionalidad) values (20, 'Marielle', 'Sterke', 'Poland');
insert into autores (id_autor, nombre, apellido, nacionalidad) values (21, 'Veriee', 'Fodden', 'Indonesia');
insert into autores (id_autor, nombre, apellido, nacionalidad) values (22, 'Shelly', 'Salthouse', 'Iran');
insert into autores (id_autor, nombre, apellido, nacionalidad) values (23, 'Ev', 'Reeds', 'Russia');
insert into autores (id_autor, nombre, apellido, nacionalidad) values (24, 'Timi', 'Worge', 'China');
insert into autores (id_autor, nombre, apellido, nacionalidad) values (25, 'Meridel', 'Markovic', 'Uganda');
insert into autores (id_autor, nombre, apellido, nacionalidad) values (26, 'Alys', 'Maudlen', 'Russia');
insert into autores (id_autor, nombre, apellido, nacionalidad) values (27, 'Gladi', 'Iliffe', 'Philippines');
insert into autores (id_autor, nombre, apellido, nacionalidad) values (28, 'Kattie', 'Basilone', 'Indonesia');
insert into autores (id_autor, nombre, apellido, nacionalidad) values (29, 'Rabbi', 'Deshorts', 'Philippines');
insert into autores (id_autor, nombre, apellido, nacionalidad) values (30, 'Xymenes', 'Farherty', 'Kenya');
insert into autores (id_autor, nombre, apellido, nacionalidad) values (31, 'Justen', 'Edmett', 'Poland');
insert into autores (id_autor, nombre, apellido, nacionalidad) values (32, 'Jessa', 'Schonfelder', 'Greece');
insert into autores (id_autor, nombre, apellido, nacionalidad) values (33, 'Gwenneth', 'Gaiford', 'China');
insert into autores (id_autor, nombre, apellido, nacionalidad) values (34, 'Bron', 'Brandenberg', 'Finland');
insert into autores (id_autor, nombre, apellido, nacionalidad) values (35, 'Nolly', 'Blaise', 'China');
insert into autores (id_autor, nombre, apellido, nacionalidad) values (36, 'Sam', 'Peaseman', 'China');
insert into autores (id_autor, nombre, apellido, nacionalidad) values (37, 'Waneta', 'Curson', 'Philippines');
insert into autores (id_autor, nombre, apellido, nacionalidad) values (38, 'Silvio', 'Spurdens', 'Mauritius');
insert into autores (id_autor, nombre, apellido, nacionalidad) values (39, 'Saree', 'Dalmon', 'Sweden');
insert into autores (id_autor, nombre, apellido, nacionalidad) values (40, 'Roma', 'Elson', 'Yemen');
insert into autores (id_autor, nombre, apellido, nacionalidad) values (41, 'Aurore', 'Hillett', 'China');
insert into autores (id_autor, nombre, apellido, nacionalidad) values (42, 'Jocko', 'McLennan', 'China');
insert into autores (id_autor, nombre, apellido, nacionalidad) values (43, 'Tuck', 'Wenzel', 'Argentina');
insert into autores (id_autor, nombre, apellido, nacionalidad) values (44, 'Shirley', 'Liggins', 'Poland');
insert into autores (id_autor, nombre, apellido, nacionalidad) values (45, 'Erinna', 'Firth', 'Brazil');
insert into autores (id_autor, nombre, apellido, nacionalidad) values (46, 'Garwin', 'Johanchon', 'China');
insert into autores (id_autor, nombre, apellido, nacionalidad) values (47, 'Meir', 'Bartolomeotti', 'Argentina');
insert into autores (id_autor, nombre, apellido, nacionalidad) values (48, 'Edouard', 'Fluit', 'Cuba');
insert into autores (id_autor, nombre, apellido, nacionalidad) values (49, 'Janeen', 'Sidebotton', 'Indonesia');
insert into autores (id_autor, nombre, apellido, nacionalidad) values (50, 'Illa', 'O''Moylane', 'Cuba');
insert into autores (id_autor, nombre, apellido, nacionalidad) values (51, 'Gwenneth', 'Ellery', 'France');
insert into autores (id_autor, nombre, apellido, nacionalidad) values (52, 'Warden', 'Coppledike', 'Poland');
insert into autores (id_autor, nombre, apellido, nacionalidad) values (53, 'Giulietta', 'Bleue', 'Philippines');
insert into autores (id_autor, nombre, apellido, nacionalidad) values (54, 'Niki', 'Cranson', 'Croatia');
insert into autores (id_autor, nombre, apellido, nacionalidad) values (55, 'Linette', 'Lampel', 'Ukraine');
insert into autores (id_autor, nombre, apellido, nacionalidad) values (56, 'Arabel', 'Burnett', 'Portugal');
insert into autores (id_autor, nombre, apellido, nacionalidad) values (57, 'Jacynth', 'Atwater', 'China');
insert into autores (id_autor, nombre, apellido, nacionalidad) values (58, 'Matt', 'Gallacher', 'China');
insert into autores (id_autor, nombre, apellido, nacionalidad) values (59, 'Torey', 'Ballendine', 'Japan');
insert into autores (id_autor, nombre, apellido, nacionalidad) values (60, 'Robenia', 'Recke', 'Italy');
insert into autores (id_autor, nombre, apellido, nacionalidad) values (61, 'Lisha', 'Eliesco', 'United States');
insert into autores (id_autor, nombre, apellido, nacionalidad) values (62, 'Hettie', 'Borwick', 'Wallis and Futuna');
insert into autores (id_autor, nombre, apellido, nacionalidad) values (63, 'Colby', 'Dayly', 'China');
insert into autores (id_autor, nombre, apellido, nacionalidad) values (64, 'Tatum', 'Nardrup', 'Russia');
insert into autores (id_autor, nombre, apellido, nacionalidad) values (65, 'Courtney', 'Bernhart', 'Sweden');
insert into autores (id_autor, nombre, apellido, nacionalidad) values (66, 'Charmine', 'Mair', 'Peru');
insert into autores (id_autor, nombre, apellido, nacionalidad) values (67, 'Wileen', 'Labram', 'Sweden');
insert into autores (id_autor, nombre, apellido, nacionalidad) values (68, 'Alethea', 'Labat', 'Philippines');
insert into autores (id_autor, nombre, apellido, nacionalidad) values (69, 'Archaimbaud', 'Ghidini', 'Indonesia');
insert into autores (id_autor, nombre, apellido, nacionalidad) values (70, 'Dehlia', 'Kealey', 'Brazil');
insert into autores (id_autor, nombre, apellido, nacionalidad) values (71, 'Mariette', 'Rauprich', 'Brazil');
insert into autores (id_autor, nombre, apellido, nacionalidad) values (72, 'Ferd', 'Caren', 'Thailand');
insert into autores (id_autor, nombre, apellido, nacionalidad) values (73, 'Camella', 'Casley', 'Indonesia');
insert into autores (id_autor, nombre, apellido, nacionalidad) values (74, 'Michale', 'Bernaldo', 'United States');
insert into autores (id_autor, nombre, apellido, nacionalidad) values (75, 'Godfry', 'Hoovart', 'China');
insert into autores (id_autor, nombre, apellido, nacionalidad) values (76, 'Verine', 'Casero', 'Greece');
insert into autores (id_autor, nombre, apellido, nacionalidad) values (77, 'Yank', 'Mangon', 'China');
insert into autores (id_autor, nombre, apellido, nacionalidad) values (78, 'Edith', 'Bumpus', 'China');
insert into autores (id_autor, nombre, apellido, nacionalidad) values (79, 'Der', 'Buick', 'Portugal');
insert into autores (id_autor, nombre, apellido, nacionalidad) values (80, 'Aura', 'McLleese', 'Russia');
insert into autores (id_autor, nombre, apellido, nacionalidad) values (81, 'Stavros', 'Dymock', 'Latvia');
insert into autores (id_autor, nombre, apellido, nacionalidad) values (82, 'Maurine', 'Lace', 'Pakistan');
insert into autores (id_autor, nombre, apellido, nacionalidad) values (83, 'Carolyn', 'Gonnard', 'Russia');
insert into autores (id_autor, nombre, apellido, nacionalidad) values (84, 'Bert', 'Camlin', 'China');
insert into autores (id_autor, nombre, apellido, nacionalidad) values (85, 'Shellysheldon', 'Linkie', 'Philippines');
insert into autores (id_autor, nombre, apellido, nacionalidad) values (86, 'Briggs', 'Martyntsev', 'Russia');
insert into autores (id_autor, nombre, apellido, nacionalidad) values (87, 'Davon', 'Fante', 'Argentina');
insert into autores (id_autor, nombre, apellido, nacionalidad) values (88, 'Theodoric', 'Kopfen', 'Bulgaria');
insert into autores (id_autor, nombre, apellido, nacionalidad) values (89, 'Tiebold', 'Winspear', 'Puerto Rico');
insert into autores (id_autor, nombre, apellido, nacionalidad) values (90, 'Tine', 'Shackell', 'Peru');
insert into autores (id_autor, nombre, apellido, nacionalidad) values (91, 'Daisie', 'Troy', 'China');
insert into autores (id_autor, nombre, apellido, nacionalidad) values (92, 'Pierce', 'Eskrigge', 'China');
insert into autores (id_autor, nombre, apellido, nacionalidad) values (93, 'Burk', 'Michele', 'Philippines');
insert into autores (id_autor, nombre, apellido, nacionalidad) values (94, 'Laurie', 'Stair', 'Thailand');
insert into autores (id_autor, nombre, apellido, nacionalidad) values (95, 'Dionysus', 'Gabbitas', 'Indonesia');
insert into autores (id_autor, nombre, apellido, nacionalidad) values (96, 'Patric', 'Holstein', 'Tunisia');
insert into autores (id_autor, nombre, apellido, nacionalidad) values (97, 'Ardelis', 'Ovitts', 'Indonesia');
insert into autores (id_autor, nombre, apellido, nacionalidad) values (98, 'Margot', 'Stoney', 'China');
insert into autores (id_autor, nombre, apellido, nacionalidad) values (99, 'Cletis', 'Branscomb', 'China');
insert into autores (id_autor, nombre, apellido, nacionalidad) values (100, 'Rodrigo', 'Bortolozzi', 'Poland');
insert into autores (id_autor, nombre, apellido, nacionalidad) values (101, 'Jilli', 'Winchurst', 'Sweden');
insert into autores (id_autor, nombre, apellido, nacionalidad) values (102, 'Susette', 'Loffill', 'Russia');
insert into autores (id_autor, nombre, apellido, nacionalidad) values (103, 'Reggy', 'Blaw', 'Brazil');
insert into autores (id_autor, nombre, apellido, nacionalidad) values (104, 'Vaughn', 'Truesdale', 'Czech Republic');
insert into autores (id_autor, nombre, apellido, nacionalidad) values (105, 'Lorrie', 'Habbergham', 'South Africa');
insert into autores (id_autor, nombre, apellido, nacionalidad) values (106, 'Darin', 'Greer', 'Ireland');
insert into autores (id_autor, nombre, apellido, nacionalidad) values (107, 'Tim', 'Larking', 'Kazakhstan');
insert into autores (id_autor, nombre, apellido, nacionalidad) values (108, 'Yehudi', 'Weyland', 'Indonesia');
insert into autores (id_autor, nombre, apellido, nacionalidad) values (109, 'Bernardina', 'Corson', 'Brazil');
insert into autores (id_autor, nombre, apellido, nacionalidad) values (110, 'Lynsey', 'Fothergill', 'Brazil');
insert into autores (id_autor, nombre, apellido, nacionalidad) values (111, 'Ab', 'Kiffin', 'South Korea');
insert into autores (id_autor, nombre, apellido, nacionalidad) values (112, 'Eben', 'Raubenheimer', 'China');
insert into autores (id_autor, nombre, apellido, nacionalidad) values (113, 'Odelinda', 'Dufton', 'Philippines');
insert into autores (id_autor, nombre, apellido, nacionalidad) values (114, 'Abbey', 'Saffill', 'China');
insert into autores (id_autor, nombre, apellido, nacionalidad) values (115, 'Angil', 'Balden', 'United States');
insert into autores (id_autor, nombre, apellido, nacionalidad) values (116, 'Sigfrid', 'Redington', 'Colombia');
insert into autores (id_autor, nombre, apellido, nacionalidad) values (117, 'Freida', 'Allsopp', 'Philippines');
insert into autores (id_autor, nombre, apellido, nacionalidad) values (118, 'Anne', 'Dumbrill', 'China');
insert into autores (id_autor, nombre, apellido, nacionalidad) values (119, 'Chevalier', 'Scini', 'Russia');
insert into autores (id_autor, nombre, apellido, nacionalidad) values (120, 'Mavis', 'Windless', 'Philippines');
insert into autores (id_autor, nombre, apellido, nacionalidad) values (121, 'Hersch', 'Beumant', 'China');
insert into autores (id_autor, nombre, apellido, nacionalidad) values (122, 'Roderich', 'Nuzzti', 'Sweden');
insert into autores (id_autor, nombre, apellido, nacionalidad) values (123, 'Natasha', 'Metrick', 'Uganda');
insert into autores (id_autor, nombre, apellido, nacionalidad) values (124, 'Tracey', 'Davenport', 'China');
insert into autores (id_autor, nombre, apellido, nacionalidad) values (125, 'Sanford', 'Overthrow', 'Philippines');
insert into autores (id_autor, nombre, apellido, nacionalidad) values (126, 'Odetta', 'Uff', 'Colombia');
insert into autores (id_autor, nombre, apellido, nacionalidad) values (127, 'Alasdair', 'Lared', 'China');
insert into autores (id_autor, nombre, apellido, nacionalidad) values (128, 'Cornelle', 'Copperwaite', 'Ireland');
insert into autores (id_autor, nombre, apellido, nacionalidad) values (129, 'Gilbertina', 'Simkins', 'China');
insert into autores (id_autor, nombre, apellido, nacionalidad) values (130, 'Ewan', 'Jovanovic', 'Thailand');
insert into autores (id_autor, nombre, apellido, nacionalidad) values (131, 'Kristi', 'Castellet', 'Indonesia');
insert into autores (id_autor, nombre, apellido, nacionalidad) values (132, 'Mattias', 'Andrusov', 'Dominica');
insert into autores (id_autor, nombre, apellido, nacionalidad) values (133, 'Julissa', 'Franzotto', 'Cuba');
insert into autores (id_autor, nombre, apellido, nacionalidad) values (134, 'Kalinda', 'Berrisford', 'Greece');
insert into autores (id_autor, nombre, apellido, nacionalidad) values (135, 'Jen', 'Minico', 'China');
insert into autores (id_autor, nombre, apellido, nacionalidad) values (136, 'Kristy', 'Hurrion', 'United States');
insert into autores (id_autor, nombre, apellido, nacionalidad) values (137, 'Ase', 'Haine', 'Ecuador');
insert into autores (id_autor, nombre, apellido, nacionalidad) values (138, 'Rosco', 'Mitro', 'Indonesia');
insert into autores (id_autor, nombre, apellido, nacionalidad) values (139, 'Lilllie', 'Worshall', 'Portugal');
insert into autores (id_autor, nombre, apellido, nacionalidad) values (140, 'Chase', 'Birckmann', 'United Kingdom');
insert into autores (id_autor, nombre, apellido, nacionalidad) values (141, 'Dur', 'Bathersby', 'Poland');
insert into autores (id_autor, nombre, apellido, nacionalidad) values (142, 'Alexis', 'Nannizzi', 'Poland');
insert into autores (id_autor, nombre, apellido, nacionalidad) values (143, 'Duncan', 'Gregori', 'Philippines');
insert into autores (id_autor, nombre, apellido, nacionalidad) values (144, 'Edmon', 'Manion', 'Ireland');
insert into autores (id_autor, nombre, apellido, nacionalidad) values (145, 'Hy', 'Doni', 'Indonesia');
insert into autores (id_autor, nombre, apellido, nacionalidad) values (146, 'Kerwin', 'Few', 'China');
insert into autores (id_autor, nombre, apellido, nacionalidad) values (147, 'Arnoldo', 'M''Chirrie', 'Finland');
insert into autores (id_autor, nombre, apellido, nacionalidad) values (148, 'Ilene', 'Melesk', 'Philippines');
insert into autores (id_autor, nombre, apellido, nacionalidad) values (149, 'Koenraad', 'Eckhard', 'Philippines');
insert into autores (id_autor, nombre, apellido, nacionalidad) values (150, 'Bing', 'Edwicke', 'Philippines');
insert into autores (id_autor, nombre, apellido, nacionalidad) values (151, 'Marillin', 'Bushe', 'Peru');
insert into autores (id_autor, nombre, apellido, nacionalidad) values (152, 'Osmond', 'Welling', 'Poland');
insert into autores (id_autor, nombre, apellido, nacionalidad) values (153, 'Sharron', 'Bosden', 'China');
insert into autores (id_autor, nombre, apellido, nacionalidad) values (154, 'Mead', 'Rottcher', 'Chile');
insert into autores (id_autor, nombre, apellido, nacionalidad) values (155, 'Foss', 'Makin', 'Poland');
insert into autores (id_autor, nombre, apellido, nacionalidad) values (156, 'Cassondra', 'Keinrat', 'Poland');
insert into autores (id_autor, nombre, apellido, nacionalidad) values (157, 'Mable', 'Mellody', 'Syria');
insert into autores (id_autor, nombre, apellido, nacionalidad) values (158, 'Leroy', 'O''Concannon', 'China');
insert into autores (id_autor, nombre, apellido, nacionalidad) values (159, 'Katuscha', 'Timewell', 'Bangladesh');
insert into autores (id_autor, nombre, apellido, nacionalidad) values (160, 'Athene', 'D''Antuoni', 'United States');
insert into autores (id_autor, nombre, apellido, nacionalidad) values (161, 'Carlita', 'Goodband', 'Cuba');
insert into autores (id_autor, nombre, apellido, nacionalidad) values (162, 'Wang', 'Elis', 'Argentina');
insert into autores (id_autor, nombre, apellido, nacionalidad) values (163, 'Alverta', 'Menguy', 'Ukraine');
insert into autores (id_autor, nombre, apellido, nacionalidad) values (164, 'Annissa', 'Letch', 'Indonesia');
insert into autores (id_autor, nombre, apellido, nacionalidad) values (165, 'Brianna', 'Firle', 'United Kingdom');
insert into autores (id_autor, nombre, apellido, nacionalidad) values (166, 'Dolly', 'Camelia', 'Kyrgyzstan');
insert into autores (id_autor, nombre, apellido, nacionalidad) values (167, 'Morgan', 'Aucutt', 'China');
insert into autores (id_autor, nombre, apellido, nacionalidad) values (168, 'Woodrow', 'Hugk', 'Brazil');
insert into autores (id_autor, nombre, apellido, nacionalidad) values (169, 'Blondy', 'Arend', 'China');
insert into autores (id_autor, nombre, apellido, nacionalidad) values (170, 'Alano', 'Gutman', 'Indonesia');
insert into autores (id_autor, nombre, apellido, nacionalidad) values (171, 'Iain', 'Firminger', 'Canada');
insert into autores (id_autor, nombre, apellido, nacionalidad) values (172, 'Archibaldo', 'Scamaden', 'Indonesia');
insert into autores (id_autor, nombre, apellido, nacionalidad) values (173, 'Evangelia', 'Cescotti', 'China');
insert into autores (id_autor, nombre, apellido, nacionalidad) values (174, 'Sunshine', 'Musker', 'China');
insert into autores (id_autor, nombre, apellido, nacionalidad) values (175, 'Hasheem', 'Robic', 'Netherlands');
insert into autores (id_autor, nombre, apellido, nacionalidad) values (176, 'Bette', 'McGeouch', 'Russia');
insert into autores (id_autor, nombre, apellido, nacionalidad) values (177, 'Frederick', 'Palomba', 'Philippines');
insert into autores (id_autor, nombre, apellido, nacionalidad) values (178, 'Bendick', 'O'' Hern', 'Russia');
insert into autores (id_autor, nombre, apellido, nacionalidad) values (179, 'Bryanty', 'MacAnellye', 'Brazil');
insert into autores (id_autor, nombre, apellido, nacionalidad) values (180, 'Nari', 'Rosebotham', 'Indonesia');
insert into autores (id_autor, nombre, apellido, nacionalidad) values (181, 'Anthea', 'Dowry', 'Vietnam');
insert into autores (id_autor, nombre, apellido, nacionalidad) values (182, 'Waldon', 'Pionter', 'Iran');
insert into autores (id_autor, nombre, apellido, nacionalidad) values (183, 'Melinde', 'O''Carmody', 'Poland');
insert into autores (id_autor, nombre, apellido, nacionalidad) values (184, 'Ernestus', 'Dinse', 'France');
insert into autores (id_autor, nombre, apellido, nacionalidad) values (185, 'Enrique', 'Jinkins', 'France');
insert into autores (id_autor, nombre, apellido, nacionalidad) values (186, 'Minetta', 'Smallwood', 'China');
insert into autores (id_autor, nombre, apellido, nacionalidad) values (187, 'Marylynne', 'Moles', 'Albania');
insert into autores (id_autor, nombre, apellido, nacionalidad) values (188, 'Marten', 'Chilcott', 'China');
insert into autores (id_autor, nombre, apellido, nacionalidad) values (189, 'Annadiane', 'MacFadzean', 'China');
insert into autores (id_autor, nombre, apellido, nacionalidad) values (190, 'Farica', 'Hutchinson', 'China');
insert into autores (id_autor, nombre, apellido, nacionalidad) values (191, 'Nicolea', 'Hankins', 'Portugal');
insert into autores (id_autor, nombre, apellido, nacionalidad) values (192, 'Julie', 'Ritson', 'China');
insert into autores (id_autor, nombre, apellido, nacionalidad) values (193, 'Nesta', 'Goodenough', 'Czech Republic');
insert into autores (id_autor, nombre, apellido, nacionalidad) values (194, 'Montgomery', 'Ryburn', 'Indonesia');
insert into autores (id_autor, nombre, apellido, nacionalidad) values (195, 'Jilli', 'Clarycott', 'Indonesia');
insert into autores (id_autor, nombre, apellido, nacionalidad) values (196, 'Antonetta', 'Beardall', 'North Korea');
insert into autores (id_autor, nombre, apellido, nacionalidad) values (197, 'Ring', 'Abry', 'Sweden');
insert into autores (id_autor, nombre, apellido, nacionalidad) values (198, 'Carlynne', 'Sappell', 'Thailand');
insert into autores (id_autor, nombre, apellido, nacionalidad) values (199, 'Sondra', 'O''Carran', 'Costa Rica');
insert into autores (id_autor, nombre, apellido, nacionalidad) values (200, 'Wells', 'Pawelec', 'Philippines');
insert into autores (id_autor, nombre, apellido, nacionalidad) values (201, 'Roberta', 'MacBey', 'Indonesia');
insert into autores (id_autor, nombre, apellido, nacionalidad) values (202, 'Kimble', 'Purver', 'Ireland');
insert into autores (id_autor, nombre, apellido, nacionalidad) values (203, 'Candi', 'Lampbrecht', 'Peru');
insert into autores (id_autor, nombre, apellido, nacionalidad) values (204, 'Julieta', 'Embra', 'China');
insert into autores (id_autor, nombre, apellido, nacionalidad) values (205, 'Eugenie', 'Moncur', 'China');
insert into autores (id_autor, nombre, apellido, nacionalidad) values (206, 'Josefa', 'Capeloff', 'Philippines');
insert into autores (id_autor, nombre, apellido, nacionalidad) values (207, 'Martelle', 'O''Breen', 'France');
insert into autores (id_autor, nombre, apellido, nacionalidad) values (208, 'Rodney', 'Arent', 'Greece');
insert into autores (id_autor, nombre, apellido, nacionalidad) values (209, 'Adrea', 'Divers', 'Comoros');
insert into autores (id_autor, nombre, apellido, nacionalidad) values (210, 'Anallese', 'Celez', 'Cyprus');
insert into autores (id_autor, nombre, apellido, nacionalidad) values (211, 'Obed', 'Lanchbery', 'Indonesia');
insert into autores (id_autor, nombre, apellido, nacionalidad) values (212, 'Orelie', 'Burness', 'Sweden');
insert into autores (id_autor, nombre, apellido, nacionalidad) values (213, 'Chico', 'Tellwright', 'China');
insert into autores (id_autor, nombre, apellido, nacionalidad) values (214, 'Dora', 'Tabord', 'Indonesia');
insert into autores (id_autor, nombre, apellido, nacionalidad) values (215, 'Keely', 'Halkyard', 'Malaysia');
insert into autores (id_autor, nombre, apellido, nacionalidad) values (216, 'Akim', 'Widdowes', 'Russia');
insert into autores (id_autor, nombre, apellido, nacionalidad) values (217, 'Kimmi', 'Leonida', 'China');
insert into autores (id_autor, nombre, apellido, nacionalidad) values (218, 'Tabina', 'Eilhermann', 'Indonesia');
insert into autores (id_autor, nombre, apellido, nacionalidad) values (219, 'Barth', 'Wride', 'China');
insert into autores (id_autor, nombre, apellido, nacionalidad) values (220, 'Dasi', 'Tustin', 'China');
insert into autores (id_autor, nombre, apellido, nacionalidad) values (221, 'Verney', 'Murrells', 'United States');
insert into autores (id_autor, nombre, apellido, nacionalidad) values (222, 'Robinett', 'Golton', 'Vietnam');
insert into autores (id_autor, nombre, apellido, nacionalidad) values (223, 'Anabal', 'Hopfer', 'New Zealand');
insert into autores (id_autor, nombre, apellido, nacionalidad) values (224, 'Celestyn', 'Meert', 'Guatemala');
insert into autores (id_autor, nombre, apellido, nacionalidad) values (225, 'Adam', 'Eslemont', 'Morocco');
insert into autores (id_autor, nombre, apellido, nacionalidad) values (226, 'Aleta', 'Leale', 'Portugal');
insert into autores (id_autor, nombre, apellido, nacionalidad) values (227, 'Virginie', 'Nuccitelli', 'Japan');
insert into autores (id_autor, nombre, apellido, nacionalidad) values (228, 'Alex', 'Warwick', 'France');
insert into autores (id_autor, nombre, apellido, nacionalidad) values (229, 'Maureene', 'Hupka', 'South Korea');
insert into autores (id_autor, nombre, apellido, nacionalidad) values (230, 'Randene', 'Dillow', 'Bahamas');
insert into autores (id_autor, nombre, apellido, nacionalidad) values (231, 'Julietta', 'Snoxell', 'Mexico');
insert into autores (id_autor, nombre, apellido, nacionalidad) values (232, 'Francesco', 'Gristock', 'Serbia');
insert into autores (id_autor, nombre, apellido, nacionalidad) values (233, 'Caryn', 'Hillatt', 'Indonesia');
insert into autores (id_autor, nombre, apellido, nacionalidad) values (234, 'Paddy', 'Hurran', 'Indonesia');
insert into autores (id_autor, nombre, apellido, nacionalidad) values (235, 'Skye', 'Barth', 'Fiji');
insert into autores (id_autor, nombre, apellido, nacionalidad) values (236, 'Rosalynd', 'Burdge', 'United States');
insert into autores (id_autor, nombre, apellido, nacionalidad) values (237, 'Minetta', 'Jacop', 'Serbia');
insert into autores (id_autor, nombre, apellido, nacionalidad) values (238, 'Wolf', 'Staggs', 'China');
insert into autores (id_autor, nombre, apellido, nacionalidad) values (239, 'Antonie', 'Michele', 'Indonesia');
insert into autores (id_autor, nombre, apellido, nacionalidad) values (240, 'Jo', 'Stranks', 'United States');
insert into autores (id_autor, nombre, apellido, nacionalidad) values (241, 'Dorella', 'Matiebe', 'Latvia');
insert into autores (id_autor, nombre, apellido, nacionalidad) values (242, 'Derron', 'Brick', 'Honduras');
insert into autores (id_autor, nombre, apellido, nacionalidad) values (243, 'Adrianne', 'Ivanenko', 'Indonesia');
insert into autores (id_autor, nombre, apellido, nacionalidad) values (244, 'Anderson', 'Fray', 'Armenia');
insert into autores (id_autor, nombre, apellido, nacionalidad) values (245, 'Jo-anne', 'Agney', 'Brazil');
insert into autores (id_autor, nombre, apellido, nacionalidad) values (246, 'Salomone', 'Cutchee', 'Indonesia');
insert into autores (id_autor, nombre, apellido, nacionalidad) values (247, 'Tammara', 'Clunie', 'Dominican Republic');
insert into autores (id_autor, nombre, apellido, nacionalidad) values (248, 'Wilhelmine', 'Sharvell', 'Japan');
insert into autores (id_autor, nombre, apellido, nacionalidad) values (249, 'Worth', 'Axten', 'Peru');
insert into autores (id_autor, nombre, apellido, nacionalidad) values (250, 'Gaston', 'Molyneux', 'China');
insert into autores (id_autor, nombre, apellido, nacionalidad) values (251, 'Britte', 'Pankhurst.', 'China');
insert into autores (id_autor, nombre, apellido, nacionalidad) values (252, 'Hall', 'Offa', 'Pakistan');
insert into autores (id_autor, nombre, apellido, nacionalidad) values (253, 'Lionel', 'Yurchenko', 'Colombia');
insert into autores (id_autor, nombre, apellido, nacionalidad) values (254, 'Dee dee', 'Rosita', 'Guatemala');
insert into autores (id_autor, nombre, apellido, nacionalidad) values (255, 'Mikol', 'Shatford', 'China');
insert into autores (id_autor, nombre, apellido, nacionalidad) values (256, 'Lynett', 'Ferandez', 'China');
insert into autores (id_autor, nombre, apellido, nacionalidad) values (257, 'Carmelia', 'Railton', 'Nicaragua');
insert into autores (id_autor, nombre, apellido, nacionalidad) values (258, 'Terri', 'Maskelyne', 'Brazil');
insert into autores (id_autor, nombre, apellido, nacionalidad) values (259, 'Pier', 'Persey', 'Peru');
insert into autores (id_autor, nombre, apellido, nacionalidad) values (260, 'Caro', 'Buchan', 'Israel');
insert into autores (id_autor, nombre, apellido, nacionalidad) values (261, 'Lenci', 'Pruckner', 'Estonia');
insert into autores (id_autor, nombre, apellido, nacionalidad) values (262, 'Elsi', 'Muglestone', 'China');
insert into autores (id_autor, nombre, apellido, nacionalidad) values (263, 'Vasilis', 'Jarad', 'Botswana');
insert into autores (id_autor, nombre, apellido, nacionalidad) values (264, 'Jeramie', 'Marklin', 'Yemen');
insert into autores (id_autor, nombre, apellido, nacionalidad) values (265, 'Dominga', 'Pedrocchi', 'Finland');
insert into autores (id_autor, nombre, apellido, nacionalidad) values (266, 'Atlante', 'McIlmorow', 'China');
insert into autores (id_autor, nombre, apellido, nacionalidad) values (267, 'Geoff', 'Blethin', 'Indonesia');
insert into autores (id_autor, nombre, apellido, nacionalidad) values (268, 'Faydra', 'Renbold', 'Indonesia');
insert into autores (id_autor, nombre, apellido, nacionalidad) values (269, 'Daniela', 'Coase', 'China');
insert into autores (id_autor, nombre, apellido, nacionalidad) values (270, 'Portia', 'Colqueran', 'Egypt');
insert into autores (id_autor, nombre, apellido, nacionalidad) values (271, 'Buckie', 'Grzelak', 'Indonesia');
insert into autores (id_autor, nombre, apellido, nacionalidad) values (272, 'Jobye', 'Cosker', 'Indonesia');
insert into autores (id_autor, nombre, apellido, nacionalidad) values (273, 'Kelli', 'Colebourn', 'Mexico');
insert into autores (id_autor, nombre, apellido, nacionalidad) values (274, 'Louisette', 'Casperri', 'Colombia');
insert into autores (id_autor, nombre, apellido, nacionalidad) values (275, 'Alissa', 'Dockrell', 'Bangladesh');
insert into autores (id_autor, nombre, apellido, nacionalidad) values (276, 'Westbrook', 'Marzelle', 'Portugal');
insert into autores (id_autor, nombre, apellido, nacionalidad) values (277, 'Elsey', 'Como', 'Nigeria');
insert into autores (id_autor, nombre, apellido, nacionalidad) values (278, 'James', 'Keesman', 'Mongolia');
insert into autores (id_autor, nombre, apellido, nacionalidad) values (279, 'Kora', 'Greenhead', 'Poland');
insert into autores (id_autor, nombre, apellido, nacionalidad) values (280, 'Shawn', 'Mauchlen', 'Lithuania');
insert into autores (id_autor, nombre, apellido, nacionalidad) values (281, 'Flory', 'Escale', 'Slovenia');
insert into autores (id_autor, nombre, apellido, nacionalidad) values (282, 'Micheal', 'Sparke', 'China');
insert into autores (id_autor, nombre, apellido, nacionalidad) values (283, 'Kalle', 'Hendrich', 'Sweden');
insert into autores (id_autor, nombre, apellido, nacionalidad) values (284, 'Debbi', 'Arrigucci', 'Russia');
insert into autores (id_autor, nombre, apellido, nacionalidad) values (285, 'Werner', 'Mottershaw', 'Indonesia');
insert into autores (id_autor, nombre, apellido, nacionalidad) values (286, 'Dacey', 'Bendan', 'China');
insert into autores (id_autor, nombre, apellido, nacionalidad) values (287, 'Allianora', 'Moniker', 'China');
insert into autores (id_autor, nombre, apellido, nacionalidad) values (288, 'Finlay', 'Flockhart', 'Panama');
insert into autores (id_autor, nombre, apellido, nacionalidad) values (289, 'Jemie', 'Kimbrough', 'Russia');
insert into autores (id_autor, nombre, apellido, nacionalidad) values (290, 'Sharity', 'McBoyle', 'Indonesia');
insert into autores (id_autor, nombre, apellido, nacionalidad) values (291, 'Freedman', 'Brinklow', 'Afghanistan');
insert into autores (id_autor, nombre, apellido, nacionalidad) values (292, 'Meyer', 'Zannolli', 'Palestinian Territory');
insert into autores (id_autor, nombre, apellido, nacionalidad) values (293, 'Colette', 'O''Cannon', 'Argentina');
insert into autores (id_autor, nombre, apellido, nacionalidad) values (294, 'Cassondra', 'Roly', 'Serbia');
insert into autores (id_autor, nombre, apellido, nacionalidad) values (295, 'Avie', 'Leftly', 'Poland');
insert into autores (id_autor, nombre, apellido, nacionalidad) values (296, 'Nolie', 'Domino', 'China');
insert into autores (id_autor, nombre, apellido, nacionalidad) values (297, 'Susy', 'Dobrowlski', 'China');
insert into autores (id_autor, nombre, apellido, nacionalidad) values (298, 'Lainey', 'Maron', 'Kosovo');
insert into autores (id_autor, nombre, apellido, nacionalidad) values (299, 'Griswold', 'Crackel', 'Kosovo');
insert into autores (id_autor, nombre, apellido, nacionalidad) values (300, 'Yule', 'Langran', 'China');



insert into autores_libros (id_autor, id_libro) values (232, 9);
insert into autores_libros (id_autor, id_libro) values (157, 491);
insert into autores_libros (id_autor, id_libro) values (164, 398);
insert into autores_libros (id_autor, id_libro) values (288, 478);
insert into autores_libros (id_autor, id_libro) values (174, 359);
insert into autores_libros (id_autor, id_libro) values (161, 48);
insert into autores_libros (id_autor, id_libro) values (182, 454);
insert into autores_libros (id_autor, id_libro) values (65, 469);
insert into autores_libros (id_autor, id_libro) values (191, 170);
insert into autores_libros (id_autor, id_libro) values (215, 260);
insert into autores_libros (id_autor, id_libro) values (56, 385);
insert into autores_libros (id_autor, id_libro) values (279, 334);
insert into autores_libros (id_autor, id_libro) values (240, 420);
insert into autores_libros (id_autor, id_libro) values (142, 485);
insert into autores_libros (id_autor, id_libro) values (249, 255);
insert into autores_libros (id_autor, id_libro) values (112, 236);
insert into autores_libros (id_autor, id_libro) values (50, 161);
insert into autores_libros (id_autor, id_libro) values (214, 4);
insert into autores_libros (id_autor, id_libro) values (52, 18);
insert into autores_libros (id_autor, id_libro) values (129, 361);
insert into autores_libros (id_autor, id_libro) values (279, 80);
insert into autores_libros (id_autor, id_libro) values (85, 407);
insert into autores_libros (id_autor, id_libro) values (229, 116);
insert into autores_libros (id_autor, id_libro) values (298, 25);
insert into autores_libros (id_autor, id_libro) values (252, 407);
insert into autores_libros (id_autor, id_libro) values (222, 97);
insert into autores_libros (id_autor, id_libro) values (232, 368);
insert into autores_libros (id_autor, id_libro) values (230, 110);
insert into autores_libros (id_autor, id_libro) values (197, 172);
insert into autores_libros (id_autor, id_libro) values (84, 73);
insert into autores_libros (id_autor, id_libro) values (218, 164);
insert into autores_libros (id_autor, id_libro) values (282, 440);
insert into autores_libros (id_autor, id_libro) values (59, 339);
insert into autores_libros (id_autor, id_libro) values (300, 131);
insert into autores_libros (id_autor, id_libro) values (99, 12);
insert into autores_libros (id_autor, id_libro) values (181, 277);
insert into autores_libros (id_autor, id_libro) values (107, 161);
insert into autores_libros (id_autor, id_libro) values (181, 226);
insert into autores_libros (id_autor, id_libro) values (104, 19);
insert into autores_libros (id_autor, id_libro) values (58, 485);
insert into autores_libros (id_autor, id_libro) values (156, 358);
insert into autores_libros (id_autor, id_libro) values (237, 169);
insert into autores_libros (id_autor, id_libro) values (230, 401);
insert into autores_libros (id_autor, id_libro) values (227, 192);
insert into autores_libros (id_autor, id_libro) values (100, 318);
insert into autores_libros (id_autor, id_libro) values (105, 281);
insert into autores_libros (id_autor, id_libro) values (194, 272);
insert into autores_libros (id_autor, id_libro) values (236, 164);
insert into autores_libros (id_autor, id_libro) values (201, 473);
insert into autores_libros (id_autor, id_libro) values (133, 156);
insert into autores_libros (id_autor, id_libro) values (110, 214);
insert into autores_libros (id_autor, id_libro) values (263, 224);
insert into autores_libros (id_autor, id_libro) values (283, 191);
insert into autores_libros (id_autor, id_libro) values (184, 33);
insert into autores_libros (id_autor, id_libro) values (119, 85);
insert into autores_libros (id_autor, id_libro) values (223, 366);
insert into autores_libros (id_autor, id_libro) values (295, 35);
insert into autores_libros (id_autor, id_libro) values (42, 417);
insert into autores_libros (id_autor, id_libro) values (11, 37);
insert into autores_libros (id_autor, id_libro) values (269, 205);
insert into autores_libros (id_autor, id_libro) values (12, 297);
insert into autores_libros (id_autor, id_libro) values (109, 371);
insert into autores_libros (id_autor, id_libro) values (199, 26);
insert into autores_libros (id_autor, id_libro) values (78, 123);
insert into autores_libros (id_autor, id_libro) values (72, 48);
insert into autores_libros (id_autor, id_libro) values (227, 418);
insert into autores_libros (id_autor, id_libro) values (135, 376);
insert into autores_libros (id_autor, id_libro) values (93, 220);
insert into autores_libros (id_autor, id_libro) values (130, 178);
insert into autores_libros (id_autor, id_libro) values (160, 367);
insert into autores_libros (id_autor, id_libro) values (11, 103);
insert into autores_libros (id_autor, id_libro) values (58, 46);
insert into autores_libros (id_autor, id_libro) values (216, 170);
insert into autores_libros (id_autor, id_libro) values (101, 63);
insert into autores_libros (id_autor, id_libro) values (145, 495);
insert into autores_libros (id_autor, id_libro) values (286, 375);
insert into autores_libros (id_autor, id_libro) values (140, 434);
insert into autores_libros (id_autor, id_libro) values (91, 459);
insert into autores_libros (id_autor, id_libro) values (22, 324);
insert into autores_libros (id_autor, id_libro) values (234, 216);
insert into autores_libros (id_autor, id_libro) values (9, 325);
insert into autores_libros (id_autor, id_libro) values (61, 218);
insert into autores_libros (id_autor, id_libro) values (290, 77);
insert into autores_libros (id_autor, id_libro) values (115, 21);
insert into autores_libros (id_autor, id_libro) values (272, 196);
insert into autores_libros (id_autor, id_libro) values (292, 123);
insert into autores_libros (id_autor, id_libro) values (1, 69);
insert into autores_libros (id_autor, id_libro) values (127, 425);
insert into autores_libros (id_autor, id_libro) values (247, 438);
insert into autores_libros (id_autor, id_libro) values (228, 147);
insert into autores_libros (id_autor, id_libro) values (37, 53);
insert into autores_libros (id_autor, id_libro) values (188, 104);
insert into autores_libros (id_autor, id_libro) values (100, 239);
insert into autores_libros (id_autor, id_libro) values (202, 389);
insert into autores_libros (id_autor, id_libro) values (75, 390);
insert into autores_libros (id_autor, id_libro) values (263, 307);
insert into autores_libros (id_autor, id_libro) values (231, 239);
insert into autores_libros (id_autor, id_libro) values (203, 428);
insert into autores_libros (id_autor, id_libro) values (195, 342);
insert into autores_libros (id_autor, id_libro) values (200, 367);




